sensor_image,object_label,pose_x,pose_y,pose_z,pose_Rx,pose_Ry,pose_Rz,shear_x,shear_y,shear_z,shear_Rx,shear_Ry,shear_Rz,object_x,object_y,object_z,object_Rx,object_Ry,object_Rz
image_1.png,UP,0.3128084570544591,-0.4412375620302382,4.727711211846463,0.0,0.0,-9.945935722129946,0.0,0.0,0.0,0.0,0.0,0.0,-35.0,105.0,0.0,0.0,0.0,0.0
image_2.png,UP,1.5489391282762373,-0.2331147888558211,3.371271888611904,0.0,0.0,-9.842317929831191,0.0,0.0,0.0,0.0,0.0,0.0,-35.0,105.0,0.0,0.0,0.0,0.0
image_3.png,UP,0.4270731794334859,0.5711116285296,3.792119405614588,0.0,0.0,-9.662566532599206,0.0,0.0,0.0,0.0,0.0,0.0,-35.0,105.0,0.0,0.0,0.0,0.0
image_4.png,UP,1.6343598636864745,0.6786108355957255,3.507883285190052,0.0,0.0,-9.513736005796844,0.0,0.0,0.0,0.0,0.0,0.0,-35.0,105.0,0.0,0.0,0.0,0.0
image_5.png,UP,-0.2760981412444545,-0.3236097152742181,3.5470840696312718,0.0,0.0,-9.395294839880348,0.0,0.0,0.0,0.0,0.0,0.0,-35.0,105.0,0.0,0.0,0.0,0.0
image_6.png,UP,-1.1251707135857494,0.5143443512517242,4.753010490633182,0.0,0.0,-9.27932365142861,0.0,0.0,0.0,0.0,0.0,0.0,-35.0,105.0,0.0,0.0,0.0,0.0
image_7.png,UP,-0.3994936392916005,-1.319714611066291,4.963658779636506,0.0,0.0,-9.207689548409643,0.0,0.0,0.0,0.0,0.0,0.0,-35.0,105.0,0.0,0.0,0.0,0.0
image_8.png,UP,0.0467691863210124,0.6412852574649112,3.907393689112091,0.0,0.0,-9.026194080489429,0.0,0.0,0.0,0.0,0.0,0.0,-35.0,105.0,0.0,0.0,0.0,0.0
image_9.png,UP,-0.4545425637980863,-0.5141840521318606,3.956740614079976,0.0,0.0,-8.801114035008535,0.0,0.0,0.0,0.0,0.0,0.0,-35.0,105.0,0.0,0.0,0.0,0.0
image_10.png,UP,1.5757649923436423,-0.4136525796582753,3.9947827309973256,0.0,0.0,-8.778429258664254,0.0,0.0,0.0,0.0,0.0,0.0,-35.0,105.0,0.0,0.0,0.0,0.0
image_11.png,UP,-0.1808867261572901,-2.2538829058480587,3.026473715517799,0.0,0.0,-8.470264619394293,0.0,0.0,0.0,0.0,0.0,0.0,-35.0,105.0,0.0,0.0,0.0,0.0
image_12.png,UP,-1.1147698538241806,1.871577809291933,4.8947411809778485,0.0,0.0,-8.210109099341999,0.0,0.0,0.0,0.0,0.0,0.0,-35.0,105.0,0.0,0.0,0.0,0.0
image_13.png,UP,2.185137164736209,0.8419726857961904,3.166844870884037,0.0,0.0,-8.18228535935181,0.0,0.0,0.0,0.0,0.0,0.0,-35.0,105.0,0.0,0.0,0.0,0.0
image_14.png,UP,-1.617871610806388,-0.9038086251619808,4.880863890505626,0.0,0.0,-8.055141487351507,0.0,0.0,0.0,0.0,0.0,0.0,-35.0,105.0,0.0,0.0,0.0,0.0
image_15.png,UP,-0.9692732478335556,0.2715897650214344,4.980677894793409,0.0,0.0,-7.907442225150518,0.0,0.0,0.0,0.0,0.0,0.0,-35.0,105.0,0.0,0.0,0.0,0.0
image_16.png,UP,1.995214755222787,-0.5291433994908944,3.849370937503013,0.0,0.0,-7.685935333458127,0.0,0.0,0.0,0.0,0.0,0.0,-35.0,105.0,0.0,0.0,0.0,0.0
image_17.png,UP,1.0553077824849344,-1.323620141276194,3.200587884530996,0.0,0.0,-7.330770581301311,0.0,0.0,0.0,0.0,0.0,0.0,-35.0,105.0,0.0,0.0,0.0,0.0
image_18.png,UP,-0.7723245160092311,0.5222252618841191,3.586040569015593,0.0,0.0,-6.795390673597135,0.0,0.0,0.0,0.0,0.0,0.0,-35.0,105.0,0.0,0.0,0.0,0.0
image_19.png,UP,-0.2492201572948689,-1.6642500855500686,4.882755409412997,0.0,0.0,-6.790647122247979,0.0,0.0,0.0,0.0,0.0,0.0,-35.0,105.0,0.0,0.0,0.0,0.0
image_20.png,UP,-0.8747510881684841,-0.7665953395692959,3.676317903673692,0.0,0.0,-6.504559916781201,0.0,0.0,0.0,0.0,0.0,0.0,-35.0,105.0,0.0,0.0,0.0,0.0
image_21.png,UP,-1.3832356395328804,-0.8903990424430177,3.640034301644936,0.0,0.0,-5.901526260805965,0.0,0.0,0.0,0.0,0.0,0.0,-35.0,105.0,0.0,0.0,0.0,0.0
image_22.png,UP,0.2544641898189964,-1.7421430257541852,3.414940150882219,0.0,0.0,-5.805001006887299,0.0,0.0,0.0,0.0,0.0,0.0,-35.0,105.0,0.0,0.0,0.0,0.0
image_23.png,UP,-1.498726312457748,0.2798421314771655,4.104384939844813,0.0,0.0,-5.444809969242781,0.0,0.0,0.0,0.0,0.0,0.0,-35.0,105.0,0.0,0.0,0.0,0.0
image_24.png,UP,-0.7761669078541142,-0.6123404784733343,3.29628172189633,0.0,0.0,-5.052024889216926,0.0,0.0,0.0,0.0,0.0,0.0,-35.0,105.0,0.0,0.0,0.0,0.0
image_25.png,UP,-0.6376758452551377,-0.0583089739249542,4.073158422217444,0.0,0.0,-4.927149514863545,0.0,0.0,0.0,0.0,0.0,0.0,-35.0,105.0,0.0,0.0,0.0,0.0
image_26.png,UP,-1.2647939331963802,-0.1759244942617518,3.051325436109063,0.0,0.0,-4.418641035428033,0.0,0.0,0.0,0.0,0.0,0.0,-35.0,105.0,0.0,0.0,0.0,0.0
image_27.png,UP,-0.4301652622970932,-2.368550536339653,4.74530131089479,0.0,0.0,-4.346006981089268,0.0,0.0,0.0,0.0,0.0,0.0,-35.0,105.0,0.0,0.0,0.0,0.0
image_28.png,UP,-0.7731138564650597,-1.1136759424700309,4.898637644831362,0.0,0.0,-3.999421610481408,0.0,0.0,0.0,0.0,0.0,0.0,-35.0,105.0,0.0,0.0,0.0,0.0
image_29.png,UP,-2.441214180793544,-0.3738281705654848,4.022637965092912,0.0,0.0,-3.9110727130524343,0.0,0.0,0.0,0.0,0.0,0.0,-35.0,105.0,0.0,0.0,0.0,0.0
image_30.png,UP,0.696292222453617,1.3593295642910022,3.623591763988205,0.0,0.0,-3.792383480403771,0.0,0.0,0.0,0.0,0.0,0.0,-35.0,105.0,0.0,0.0,0.0,0.0
image_31.png,UP,-0.9191926321076884,-0.7340386191534928,3.0493574567826625,0.0,0.0,-3.329850684174493,0.0,0.0,0.0,0.0,0.0,0.0,-35.0,105.0,0.0,0.0,0.0,0.0
image_32.png,UP,1.4588551550388649,1.021990120730778,3.976112561297909,0.0,0.0,-3.320702608063817,0.0,0.0,0.0,0.0,0.0,0.0,-35.0,105.0,0.0,0.0,0.0,0.0
image_33.png,UP,-0.981518604257522,-1.5290795554392238,3.766927788343796,0.0,0.0,-3.166037702705358,0.0,0.0,0.0,0.0,0.0,0.0,-35.0,105.0,0.0,0.0,0.0,0.0
image_34.png,UP,0.0780089878322665,1.5317789715824148,3.426623954734964,0.0,0.0,-3.1477803131681936,0.0,0.0,0.0,0.0,0.0,0.0,-35.0,105.0,0.0,0.0,0.0,0.0
image_35.png,UP,-0.977001441589298,1.594830153818576,3.433793968796948,0.0,0.0,-3.030480219330059,0.0,0.0,0.0,0.0,0.0,0.0,-35.0,105.0,0.0,0.0,0.0,0.0
image_36.png,UP,0.5708705724825037,1.4569961068934465,3.195688968988068,0.0,0.0,-2.7562188212122134,0.0,0.0,0.0,0.0,0.0,0.0,-35.0,105.0,0.0,0.0,0.0,0.0
image_37.png,UP,1.803404133045976,-1.4958481303386564,4.90558331394389,0.0,0.0,-2.54641860358009,0.0,0.0,0.0,0.0,0.0,0.0,-35.0,105.0,0.0,0.0,0.0,0.0
image_38.png,UP,-0.5554516225336639,1.0413320112328954,4.392686977630919,0.0,0.0,-2.5393027223850506,0.0,0.0,0.0,0.0,0.0,0.0,-35.0,105.0,0.0,0.0,0.0,0.0
image_39.png,UP,-1.242869469420801,-0.1423527741791034,4.945838978046261,0.0,0.0,-2.435096501530765,0.0,0.0,0.0,0.0,0.0,0.0,-35.0,105.0,0.0,0.0,0.0,0.0
image_40.png,UP,0.9216541591651096,0.4339959840268569,4.9231403090829975,0.0,0.0,-2.217306457976285,0.0,0.0,0.0,0.0,0.0,0.0,-35.0,105.0,0.0,0.0,0.0,0.0
image_41.png,UP,0.9048891787935583,1.20813057513757,4.461711613540316,0.0,0.0,-1.881153560634326,0.0,0.0,0.0,0.0,0.0,0.0,-35.0,105.0,0.0,0.0,0.0,0.0
image_42.png,UP,0.0694247967954015,0.0618557603110803,4.168952137911537,0.0,0.0,-1.7939687461974874,0.0,0.0,0.0,0.0,0.0,0.0,-35.0,105.0,0.0,0.0,0.0,0.0
image_43.png,UP,2.254658424755165,0.4293698133918659,4.235753383835048,0.0,0.0,-1.1947249434101632,0.0,0.0,0.0,0.0,0.0,0.0,-35.0,105.0,0.0,0.0,0.0,0.0
image_44.png,UP,0.1278920195979587,2.4085806223656885,4.530650507613931,0.0,0.0,-1.1592872454014935,0.0,0.0,0.0,0.0,0.0,0.0,-35.0,105.0,0.0,0.0,0.0,0.0
image_45.png,UP,-1.561524778509032,1.7068586610333925,4.793342586080684,0.0,0.0,-1.0772897468159606,0.0,0.0,0.0,0.0,0.0,0.0,-35.0,105.0,0.0,0.0,0.0,0.0
image_46.png,UP,1.6950303179985886,1.4108312062857458,4.260895873733582,0.0,0.0,-1.072111690335941,0.0,0.0,0.0,0.0,0.0,0.0,-35.0,105.0,0.0,0.0,0.0,0.0
image_47.png,UP,1.2214211325429285,0.1474673871253735,4.724383034843367,0.0,0.0,-0.5870210157218096,0.0,0.0,0.0,0.0,0.0,0.0,-35.0,105.0,0.0,0.0,0.0,0.0
image_48.png,UP,-1.930364370140375,1.3333910407441625,4.33983309318182,0.0,0.0,0.0544152229064813,0.0,0.0,0.0,0.0,0.0,0.0,-35.0,105.0,0.0,0.0,0.0,0.0
image_49.png,UP,1.5909599486299535,-1.873174781845573,3.2896955186867545,0.0,0.0,0.1961439324316831,0.0,0.0,0.0,0.0,0.0,0.0,-35.0,105.0,0.0,0.0,0.0,0.0
image_50.png,UP,0.8787940421604941,1.5755887833520674,4.497327239701095,0.0,0.0,0.3990474914167645,0.0,0.0,0.0,0.0,0.0,0.0,-35.0,105.0,0.0,0.0,0.0,0.0
image_51.png,UP,-0.3006638064942191,-0.6425934151261063,3.7555036785849616,0.0,0.0,0.4994088450852842,0.0,0.0,0.0,0.0,0.0,0.0,-35.0,105.0,0.0,0.0,0.0,0.0
image_52.png,UP,-0.7065522485040491,0.4850970916029158,3.379695823805516,0.0,0.0,0.5787985806176632,0.0,0.0,0.0,0.0,0.0,0.0,-35.0,105.0,0.0,0.0,0.0,0.0
image_53.png,UP,0.1898477277672972,-2.06914540118376,4.374976552775631,0.0,0.0,0.6107442912556351,0.0,0.0,0.0,0.0,0.0,0.0,-35.0,105.0,0.0,0.0,0.0,0.0
image_54.png,UP,-1.1804793865901184,-2.192209610199776,3.5634602115078984,0.0,0.0,0.8276158751427154,0.0,0.0,0.0,0.0,0.0,0.0,-35.0,105.0,0.0,0.0,0.0,0.0
image_55.png,UP,-1.2942157767214075,1.737495562192288,4.257963687182297,0.0,0.0,0.873561076561904,0.0,0.0,0.0,0.0,0.0,0.0,-35.0,105.0,0.0,0.0,0.0,0.0
image_56.png,UP,0.9747805963556132,0.8849742847260407,3.748339960668451,0.0,0.0,1.5428048804068355,0.0,0.0,0.0,0.0,0.0,0.0,-35.0,105.0,0.0,0.0,0.0,0.0
image_57.png,UP,-0.8539262267112678,0.6220408344272974,3.264136212690307,0.0,0.0,1.7747921994057627,0.0,0.0,0.0,0.0,0.0,0.0,-35.0,105.0,0.0,0.0,0.0,0.0
image_58.png,UP,0.1544878593173798,-0.0161461531847467,4.034758214308228,0.0,0.0,2.007844741952791,0.0,0.0,0.0,0.0,0.0,0.0,-35.0,105.0,0.0,0.0,0.0,0.0
image_59.png,UP,-2.0556276282727155,1.0685290030370165,3.481657559830894,0.0,0.0,2.3765233648275306,0.0,0.0,0.0,0.0,0.0,0.0,-35.0,105.0,0.0,0.0,0.0,0.0
image_60.png,UP,-1.3755451306052344,0.6233574967873303,4.036401427861327,0.0,0.0,2.4446211767958985,0.0,0.0,0.0,0.0,0.0,0.0,-35.0,105.0,0.0,0.0,0.0,0.0
image_61.png,UP,0.8034708026962003,0.559455231305986,3.0413019989314574,0.0,0.0,2.4476885713200964,0.0,0.0,0.0,0.0,0.0,0.0,-35.0,105.0,0.0,0.0,0.0,0.0
image_62.png,UP,-1.1991866540423706,0.3316364867496312,4.923872757094458,0.0,0.0,2.4658934604026133,0.0,0.0,0.0,0.0,0.0,0.0,-35.0,105.0,0.0,0.0,0.0,0.0
image_63.png,UP,2.2656439147270087,-0.9664001081213368,3.235063711924066,0.0,0.0,2.94393307788072,0.0,0.0,0.0,0.0,0.0,0.0,-35.0,105.0,0.0,0.0,0.0,0.0
image_64.png,UP,-0.7051590112750119,1.4733984593913685,4.697887110625836,0.0,0.0,3.222350230161989,0.0,0.0,0.0,0.0,0.0,0.0,-35.0,105.0,0.0,0.0,0.0,0.0
image_65.png,UP,-0.7240628962794817,-0.4575584780083861,3.555257412589464,0.0,0.0,3.4391428119164478,0.0,0.0,0.0,0.0,0.0,0.0,-35.0,105.0,0.0,0.0,0.0,0.0
image_66.png,UP,-1.884448590665975,-0.4201906324183855,4.644235466388491,0.0,0.0,3.4516462259304266,0.0,0.0,0.0,0.0,0.0,0.0,-35.0,105.0,0.0,0.0,0.0,0.0
image_67.png,UP,-1.1804459088023571,0.8891283831343588,4.176634227107211,0.0,0.0,3.5248496455492564,0.0,0.0,0.0,0.0,0.0,0.0,-35.0,105.0,0.0,0.0,0.0,0.0
image_68.png,UP,1.1292926891437831,1.2558892489449731,3.5266447534743013,0.0,0.0,3.610289622856517,0.0,0.0,0.0,0.0,0.0,0.0,-35.0,105.0,0.0,0.0,0.0,0.0
image_69.png,UP,0.8211188656655567,-0.997901677314755,4.807439479491867,0.0,0.0,3.8791282186909513,0.0,0.0,0.0,0.0,0.0,0.0,-35.0,105.0,0.0,0.0,0.0,0.0
image_70.png,UP,1.41637332110353,1.1275018556520344,3.927150848729621,0.0,0.0,3.90540011809372,0.0,0.0,0.0,0.0,0.0,0.0,-35.0,105.0,0.0,0.0,0.0,0.0
image_71.png,UP,0.6171420896379652,0.5091381261749,3.694467035864439,0.0,0.0,3.929262893050012,0.0,0.0,0.0,0.0,0.0,0.0,-35.0,105.0,0.0,0.0,0.0,0.0
image_72.png,UP,-0.9332849459578024,-2.1542591195127256,4.130842623717018,0.0,0.0,3.929648614029002,0.0,0.0,0.0,0.0,0.0,0.0,-35.0,105.0,0.0,0.0,0.0,0.0
image_73.png,UP,0.9130398301656444,-2.182757164366862,4.596093667825127,0.0,0.0,4.206736579484268,0.0,0.0,0.0,0.0,0.0,0.0,-35.0,105.0,0.0,0.0,0.0,0.0
image_74.png,UP,-0.6184268595500261,0.9300667221429908,4.5167573076722825,0.0,0.0,4.210568054446913,0.0,0.0,0.0,0.0,0.0,0.0,-35.0,105.0,0.0,0.0,0.0,0.0
image_75.png,UP,1.2653778937341085,-1.3964880044187855,3.737169212259235,0.0,0.0,4.79767835658202,0.0,0.0,0.0,0.0,0.0,0.0,-35.0,105.0,0.0,0.0,0.0,0.0
image_76.png,UP,2.160981335360095,-0.4052860977528623,4.326156406200202,0.0,0.0,4.801950512353649,0.0,0.0,0.0,0.0,0.0,0.0,-35.0,105.0,0.0,0.0,0.0,0.0
image_77.png,UP,0.673368550143889,0.282432408142219,3.3592073551192696,0.0,0.0,5.011900458579749,0.0,0.0,0.0,0.0,0.0,0.0,-35.0,105.0,0.0,0.0,0.0,0.0
image_78.png,UP,-1.3700936917380235,0.0191388505458971,3.7112254756999112,0.0,0.0,5.816803264548099,0.0,0.0,0.0,0.0,0.0,0.0,-35.0,105.0,0.0,0.0,0.0,0.0
image_79.png,UP,-1.172553221247676,-1.7671290077003432,3.366559672428157,0.0,0.0,6.27357299403727,0.0,0.0,0.0,0.0,0.0,0.0,-35.0,105.0,0.0,0.0,0.0,0.0
image_80.png,UP,-0.5546122454005006,-2.3939145332324707,3.1279105322419625,0.0,0.0,6.597947372066862,0.0,0.0,0.0,0.0,0.0,0.0,-35.0,105.0,0.0,0.0,0.0,0.0
image_81.png,UP,-0.272863601133185,1.2577931348018414,4.358785546997135,0.0,0.0,7.246370936718048,0.0,0.0,0.0,0.0,0.0,0.0,-35.0,105.0,0.0,0.0,0.0,0.0
image_82.png,UP,-0.1929592462235297,1.436456018921618,4.859058633584381,0.0,0.0,7.435714695109858,0.0,0.0,0.0,0.0,0.0,0.0,-35.0,105.0,0.0,0.0,0.0,0.0
image_83.png,UP,2.21001063012182,-0.0100257775354314,4.662096910472381,0.0,0.0,7.5846952606265425,0.0,0.0,0.0,0.0,0.0,0.0,-35.0,105.0,0.0,0.0,0.0,0.0
image_84.png,UP,-1.709981639854018,-0.4039792739514128,4.598405174704784,0.0,0.0,7.726093321731199,0.0,0.0,0.0,0.0,0.0,0.0,-35.0,105.0,0.0,0.0,0.0,0.0
image_85.png,UP,1.399142176582804,-0.1770892488655743,3.5842950535850977,0.0,0.0,7.7392156243483505,0.0,0.0,0.0,0.0,0.0,0.0,-35.0,105.0,0.0,0.0,0.0,0.0
image_86.png,UP,1.2205422642586854,0.2264010931466702,3.273800543371198,0.0,0.0,7.961247144274701,0.0,0.0,0.0,0.0,0.0,0.0,-35.0,105.0,0.0,0.0,0.0,0.0
image_87.png,UP,0.6533664208901134,0.4957045261424695,4.278945032797447,0.0,0.0,8.154659149700791,0.0,0.0,0.0,0.0,0.0,0.0,-35.0,105.0,0.0,0.0,0.0,0.0
image_88.png,UP,-1.9001396630451972,1.2907121176423828,4.748575933249894,0.0,0.0,8.157511887086521,0.0,0.0,0.0,0.0,0.0,0.0,-35.0,105.0,0.0,0.0,0.0,0.0
image_89.png,UP,-1.6561467216935286,1.2166491725228128,4.954990279488894,0.0,0.0,8.395656215563168,0.0,0.0,0.0,0.0,0.0,0.0,-35.0,105.0,0.0,0.0,0.0,0.0
image_90.png,UP,-0.7935933368067355,-2.3539624779270065,3.431015354227117,0.0,0.0,8.44222923534386,0.0,0.0,0.0,0.0,0.0,0.0,-35.0,105.0,0.0,0.0,0.0,0.0
image_91.png,UP,-1.9644763515730712,1.4308214493736109,4.570305824046276,0.0,0.0,8.44695963593266,0.0,0.0,0.0,0.0,0.0,0.0,-35.0,105.0,0.0,0.0,0.0,0.0
image_92.png,UP,-0.8602573716312127,1.2706652482303609,4.172820332372654,0.0,0.0,8.466121357783262,0.0,0.0,0.0,0.0,0.0,0.0,-35.0,105.0,0.0,0.0,0.0,0.0
image_93.png,UP,-0.7828396608316379,0.1106794750110692,3.1344992629264974,0.0,0.0,8.483175332415271,0.0,0.0,0.0,0.0,0.0,0.0,-35.0,105.0,0.0,0.0,0.0,0.0
image_94.png,UP,-0.0288967441377977,-0.9990986042513172,4.173568692916337,0.0,0.0,8.977220414410148,0.0,0.0,0.0,0.0,0.0,0.0,-35.0,105.0,0.0,0.0,0.0,0.0
image_95.png,UP,1.0552524327129176,-2.1572369172536434,3.463403252942409,0.0,0.0,9.042853945908416,0.0,0.0,0.0,0.0,0.0,0.0,-35.0,105.0,0.0,0.0,0.0,0.0
image_96.png,UP,-1.4295158180191063,1.3367504378209,4.433719362385188,0.0,0.0,9.255406396804847,0.0,0.0,0.0,0.0,0.0,0.0,-35.0,105.0,0.0,0.0,0.0,0.0
image_97.png,UP,-1.4268098517180363,-1.7068863340109934,3.971255191869246,0.0,0.0,9.365728205885947,0.0,0.0,0.0,0.0,0.0,0.0,-35.0,105.0,0.0,0.0,0.0,0.0
image_98.png,UP,0.9568167497691686,-1.451106923136994,4.921669316126001,0.0,0.0,9.590538586709172,0.0,0.0,0.0,0.0,0.0,0.0,-35.0,105.0,0.0,0.0,0.0,0.0
image_99.png,UP,1.2342158141279505,1.1204382504078974,3.032859259182948,0.0,0.0,9.61160265574565,0.0,0.0,0.0,0.0,0.0,0.0,-35.0,105.0,0.0,0.0,0.0,0.0
image_100.png,UP,-1.5976952202053725,1.8099385369236392,3.4486340579494783,0.0,0.0,9.95924502657347,0.0,0.0,0.0,0.0,0.0,0.0,-35.0,105.0,0.0,0.0,0.0,0.0
image_101.png,DOWN,0.2878855535734883,0.0496809665064478,4.8520530132569615,0.0,0.0,-9.904252295176557,0.0,0.0,0.0,0.0,0.0,0.0,-35.0,122.5,0.0,0.0,0.0,0.0
image_102.png,DOWN,-0.7317112123085753,-1.744251290743507,4.59790632801636,0.0,0.0,-9.87593170581268,0.0,0.0,0.0,0.0,0.0,0.0,-35.0,122.5,0.0,0.0,0.0,0.0
image_103.png,DOWN,-1.4571521346751382,-0.7714776570515017,4.258922454018304,0.0,0.0,-9.815040115526012,0.0,0.0,0.0,0.0,0.0,0.0,-35.0,122.5,0.0,0.0,0.0,0.0
image_104.png,DOWN,-0.2772409823140953,1.1523869750130245,3.155985635751649,0.0,0.0,-9.81431098988146,0.0,0.0,0.0,0.0,0.0,0.0,-35.0,122.5,0.0,0.0,0.0,0.0
image_105.png,DOWN,0.2566359812712683,-2.111774434728667,4.276725790001355,0.0,0.0,-9.700474795619613,0.0,0.0,0.0,0.0,0.0,0.0,-35.0,122.5,0.0,0.0,0.0,0.0
image_106.png,DOWN,-1.3694393396084692,2.042275607268289,4.799303406655338,0.0,0.0,-9.44693686989315,0.0,0.0,0.0,0.0,0.0,0.0,-35.0,122.5,0.0,0.0,0.0,0.0
image_107.png,DOWN,-0.7191698520999623,-0.3470112315967803,3.615064078437424,0.0,0.0,-9.150207835236836,0.0,0.0,0.0,0.0,0.0,0.0,-35.0,122.5,0.0,0.0,0.0,0.0
image_108.png,DOWN,2.05279403972031,0.4618314621888595,3.386669281533828,0.0,0.0,-8.823825581310757,0.0,0.0,0.0,0.0,0.0,0.0,-35.0,122.5,0.0,0.0,0.0,0.0
image_109.png,DOWN,-1.123529835972336,0.8581821216416865,4.603631734119389,0.0,0.0,-8.792410359488072,0.0,0.0,0.0,0.0,0.0,0.0,-35.0,122.5,0.0,0.0,0.0,0.0
image_110.png,DOWN,-0.4692036927253213,0.2323533532635439,4.368997093048135,0.0,0.0,-8.633272451223048,0.0,0.0,0.0,0.0,0.0,0.0,-35.0,122.5,0.0,0.0,0.0,0.0
image_111.png,DOWN,-1.828502063821816,-0.2127173375098691,4.542154693630376,0.0,0.0,-8.487786538698312,0.0,0.0,0.0,0.0,0.0,0.0,-35.0,122.5,0.0,0.0,0.0,0.0
image_112.png,DOWN,-0.1625271598493335,1.4318312226231409,4.978176874459582,0.0,0.0,-8.151036395060544,0.0,0.0,0.0,0.0,0.0,0.0,-35.0,122.5,0.0,0.0,0.0,0.0
image_113.png,DOWN,-1.7545059604774984,-1.2018124540217547,4.2286925999592615,0.0,0.0,-7.722117903772732,0.0,0.0,0.0,0.0,0.0,0.0,-35.0,122.5,0.0,0.0,0.0,0.0
image_114.png,DOWN,2.2071875694730503,-0.2288712827743567,4.751384540469847,0.0,0.0,-7.64908118487873,0.0,0.0,0.0,0.0,0.0,0.0,-35.0,122.5,0.0,0.0,0.0,0.0
image_115.png,DOWN,-1.1071707693396375,0.8741803182616543,4.124132221509438,0.0,0.0,-7.496766840773141,0.0,0.0,0.0,0.0,0.0,0.0,-35.0,122.5,0.0,0.0,0.0,0.0
image_116.png,DOWN,0.0104827610035663,-0.2130644241861448,4.343379715221707,0.0,0.0,-7.47264949338793,0.0,0.0,0.0,0.0,0.0,0.0,-35.0,122.5,0.0,0.0,0.0,0.0
image_117.png,DOWN,1.267194140581685,2.136746989187704,3.75453786533152,0.0,0.0,-7.407619029664798,0.0,0.0,0.0,0.0,0.0,0.0,-35.0,122.5,0.0,0.0,0.0,0.0
image_118.png,DOWN,1.175640186292085,-0.8092556927569193,3.224448631656577,0.0,0.0,-7.404747548632374,0.0,0.0,0.0,0.0,0.0,0.0,-35.0,122.5,0.0,0.0,0.0,0.0
image_119.png,DOWN,0.2119620395814136,-1.1458816611899936,3.5474652587769286,0.0,0.0,-7.039226414444759,0.0,0.0,0.0,0.0,0.0,0.0,-35.0,122.5,0.0,0.0,0.0,0.0
image_120.png,DOWN,-1.25332338313263,1.010300168086706,3.800939420588268,0.0,0.0,-6.970279843876144,0.0,0.0,0.0,0.0,0.0,0.0,-35.0,122.5,0.0,0.0,0.0,0.0
image_121.png,DOWN,-0.4517263378032307,0.2872421193420935,4.039969979906619,0.0,0.0,-6.794801597268099,0.0,0.0,0.0,0.0,0.0,0.0,-35.0,122.5,0.0,0.0,0.0,0.0
image_122.png,DOWN,1.0027514748593735,1.275714782639489,4.390692936279059,0.0,0.0,-6.758540299400691,0.0,0.0,0.0,0.0,0.0,0.0,-35.0,122.5,0.0,0.0,0.0,0.0
image_123.png,DOWN,-1.0944742407706334,-1.932252821135314,3.8576195403206857,0.0,0.0,-6.673507725607227,0.0,0.0,0.0,0.0,0.0,0.0,-35.0,122.5,0.0,0.0,0.0,0.0
image_124.png,DOWN,-1.9352112020284935,1.493120737493191,4.965852955991711,0.0,0.0,-6.536135275428247,0.0,0.0,0.0,0.0,0.0,0.0,-35.0,122.5,0.0,0.0,0.0,0.0
image_125.png,DOWN,0.9827733930693991,-2.099109424675273,3.862515693683796,0.0,0.0,-6.4733418507102165,0.0,0.0,0.0,0.0,0.0,0.0,-35.0,122.5,0.0,0.0,0.0,0.0
image_126.png,DOWN,1.7212710800864572,-0.6340572602607345,4.921044796238662,0.0,0.0,-6.29767222241539,0.0,0.0,0.0,0.0,0.0,0.0,-35.0,122.5,0.0,0.0,0.0,0.0
image_127.png,DOWN,-0.2258025307866375,0.3632583002793955,4.013063365245248,0.0,0.0,-6.277396673339952,0.0,0.0,0.0,0.0,0.0,0.0,-35.0,122.5,0.0,0.0,0.0,0.0
image_128.png,DOWN,0.9889004217894012,0.8713047333400272,4.740364357014297,0.0,0.0,-5.459644564078843,0.0,0.0,0.0,0.0,0.0,0.0,-35.0,122.5,0.0,0.0,0.0,0.0
image_129.png,DOWN,-1.1860355994099685,0.1888297909999337,3.3632447892913766,0.0,0.0,-4.625012258465291,0.0,0.0,0.0,0.0,0.0,0.0,-35.0,122.5,0.0,0.0,0.0,0.0
image_130.png,DOWN,1.0385984472742946,0.261182282161883,3.786244830446834,0.0,0.0,-4.296501437348555,0.0,0.0,0.0,0.0,0.0,0.0,-35.0,122.5,0.0,0.0,0.0,0.0
image_131.png,DOWN,0.8245254095764889,0.8958755768998826,3.766132719127539,0.0,0.0,-4.270273033695153,0.0,0.0,0.0,0.0,0.0,0.0,-35.0,122.5,0.0,0.0,0.0,0.0
image_132.png,DOWN,-1.220061693904463,-0.2513523561459066,4.526280460509586,0.0,0.0,-4.045541048887573,0.0,0.0,0.0,0.0,0.0,0.0,-35.0,122.5,0.0,0.0,0.0,0.0
image_133.png,DOWN,1.1153118227459289,-1.522425854930449,4.705378011484539,0.0,0.0,-4.040594716861401,0.0,0.0,0.0,0.0,0.0,0.0,-35.0,122.5,0.0,0.0,0.0,0.0
image_134.png,DOWN,-0.4639408235494077,-1.9800963053654392,3.333084145457642,0.0,0.0,-3.9007163408455554,0.0,0.0,0.0,0.0,0.0,0.0,-35.0,122.5,0.0,0.0,0.0,0.0
image_135.png,DOWN,-0.2470472821712493,1.813349462554721,4.763134540144991,0.0,0.0,-3.705344559990485,0.0,0.0,0.0,0.0,0.0,0.0,-35.0,122.5,0.0,0.0,0.0,0.0
image_136.png,DOWN,-0.5588793106551578,-1.9086550950447096,3.678189176954806,0.0,0.0,-3.1554733749807884,0.0,0.0,0.0,0.0,0.0,0.0,-35.0,122.5,0.0,0.0,0.0,0.0
image_137.png,DOWN,2.144719899970193,0.3428933991058636,4.179423635985846,0.0,0.0,-2.881448975680316,0.0,0.0,0.0,0.0,0.0,0.0,-35.0,122.5,0.0,0.0,0.0,0.0
image_138.png,DOWN,-0.2376711159277655,0.812212103533422,4.605950756727676,0.0,0.0,-2.8178698469339984,0.0,0.0,0.0,0.0,0.0,0.0,-35.0,122.5,0.0,0.0,0.0,0.0
image_139.png,DOWN,1.7987220128094823,-0.3641159123706896,3.377464421918772,0.0,0.0,-2.488228750770816,0.0,0.0,0.0,0.0,0.0,0.0,-35.0,122.5,0.0,0.0,0.0,0.0
image_140.png,DOWN,2.103574130045544,0.0210763778106596,3.0855262758955977,0.0,0.0,-2.3669250670913566,0.0,0.0,0.0,0.0,0.0,0.0,-35.0,122.5,0.0,0.0,0.0,0.0
image_141.png,DOWN,-2.2949398218985038,0.0399259877458092,3.833867904257603,0.0,0.0,-1.7246358386544642,0.0,0.0,0.0,0.0,0.0,0.0,-35.0,122.5,0.0,0.0,0.0,0.0
image_142.png,DOWN,-0.5328005883988804,1.9441902252510663,3.3263634110282414,0.0,0.0,-1.7112225362061153,0.0,0.0,0.0,0.0,0.0,0.0,-35.0,122.5,0.0,0.0,0.0,0.0
image_143.png,DOWN,-1.1003521394139466,1.0376477411588343,4.556077693849398,0.0,0.0,-1.027986759645657,0.0,0.0,0.0,0.0,0.0,0.0,-35.0,122.5,0.0,0.0,0.0,0.0
image_144.png,DOWN,-1.0971564695459428,-0.2597531401645228,3.2035405330890896,0.0,0.0,-0.8522260242837802,0.0,0.0,0.0,0.0,0.0,0.0,-35.0,122.5,0.0,0.0,0.0,0.0
image_145.png,DOWN,-0.0060403294661444,1.846657600369983,4.886124521205558,0.0,0.0,-0.8395807382239422,0.0,0.0,0.0,0.0,0.0,0.0,-35.0,122.5,0.0,0.0,0.0,0.0
image_146.png,DOWN,-0.7578404630279755,-1.2848047343140172,3.5629074545887875,0.0,0.0,-0.7839391541361884,0.0,0.0,0.0,0.0,0.0,0.0,-35.0,122.5,0.0,0.0,0.0,0.0
image_147.png,DOWN,-0.1190584620836497,2.3559904689068496,4.131690190837421,0.0,0.0,-0.397843857096321,0.0,0.0,0.0,0.0,0.0,0.0,-35.0,122.5,0.0,0.0,0.0,0.0
image_148.png,DOWN,1.4950012835752948,-0.6642384907351021,3.395038213692171,0.0,0.0,-0.1226902615892573,0.0,0.0,0.0,0.0,0.0,0.0,-35.0,122.5,0.0,0.0,0.0,0.0
image_149.png,DOWN,-0.1218240590073045,1.0660374357355629,3.8346662841251913,0.0,0.0,0.0165638000324364,0.0,0.0,0.0,0.0,0.0,0.0,-35.0,122.5,0.0,0.0,0.0,0.0
image_150.png,DOWN,0.4255557967156744,-0.72815074093831,4.45694793108203,0.0,0.0,0.035462613998904,0.0,0.0,0.0,0.0,0.0,0.0,-35.0,122.5,0.0,0.0,0.0,0.0
image_151.png,DOWN,-1.9327079785232064,-0.2831973051212537,3.610534019794578,0.0,0.0,0.246982913111962,0.0,0.0,0.0,0.0,0.0,0.0,-35.0,122.5,0.0,0.0,0.0,0.0
image_152.png,DOWN,0.2741246391396469,-2.2854379240503304,4.609871144318254,0.0,0.0,0.6418481834405725,0.0,0.0,0.0,0.0,0.0,0.0,-35.0,122.5,0.0,0.0,0.0,0.0
image_153.png,DOWN,-0.9414326372529596,1.2923192473109746,4.780223082771614,0.0,0.0,0.7428083816648119,0.0,0.0,0.0,0.0,0.0,0.0,-35.0,122.5,0.0,0.0,0.0,0.0
image_154.png,DOWN,-1.9498530922914357,-1.5133053731242612,4.981303385212799,0.0,0.0,0.9883716659963168,0.0,0.0,0.0,0.0,0.0,0.0,-35.0,122.5,0.0,0.0,0.0,0.0
image_155.png,DOWN,1.2305643658103824,-1.916882877373254,4.110387764646739,0.0,0.0,1.0537294221642777,0.0,0.0,0.0,0.0,0.0,0.0,-35.0,122.5,0.0,0.0,0.0,0.0
image_156.png,DOWN,-0.8049839762865065,1.7827314028234744,4.636154450347723,0.0,0.0,1.0753214741215302,0.0,0.0,0.0,0.0,0.0,0.0,-35.0,122.5,0.0,0.0,0.0,0.0
image_157.png,DOWN,0.6612047311620354,1.4204054756976598,3.693215621218344,0.0,0.0,1.5150569006110448,0.0,0.0,0.0,0.0,0.0,0.0,-35.0,122.5,0.0,0.0,0.0,0.0
image_158.png,DOWN,-1.9843273568570008,0.4849290669204427,4.858132314537536,0.0,0.0,1.5721996023420033,0.0,0.0,0.0,0.0,0.0,0.0,-35.0,122.5,0.0,0.0,0.0,0.0
image_159.png,DOWN,-0.0420761835149288,2.34625146222842,4.056630254114701,0.0,0.0,1.6377788526913957,0.0,0.0,0.0,0.0,0.0,0.0,-35.0,122.5,0.0,0.0,0.0,0.0
image_160.png,DOWN,0.1461713029616474,2.06240309377943,4.599659861776941,0.0,0.0,2.181877958870867,0.0,0.0,0.0,0.0,0.0,0.0,-35.0,122.5,0.0,0.0,0.0,0.0
image_161.png,DOWN,-1.8115859109243544,-1.350301307701586,3.3706258391587336,0.0,0.0,2.295255012329733,0.0,0.0,0.0,0.0,0.0,0.0,-35.0,122.5,0.0,0.0,0.0,0.0
image_162.png,DOWN,-0.5092430042725163,-1.7655209125108642,4.534931526169885,0.0,0.0,2.3323688710414814,0.0,0.0,0.0,0.0,0.0,0.0,-35.0,122.5,0.0,0.0,0.0,0.0
image_163.png,DOWN,1.1886726523353075,2.15186709635661,3.212990627542121,0.0,0.0,2.3407042128225,0.0,0.0,0.0,0.0,0.0,0.0,-35.0,122.5,0.0,0.0,0.0,0.0
image_164.png,DOWN,-0.4143810859581786,0.0699470097545307,3.840467072945307,0.0,0.0,2.8772807344519347,0.0,0.0,0.0,0.0,0.0,0.0,-35.0,122.5,0.0,0.0,0.0,0.0
image_165.png,DOWN,2.0848829228264663,-0.3332428237949007,3.47194077048314,0.0,0.0,2.885972549312248,0.0,0.0,0.0,0.0,0.0,0.0,-35.0,122.5,0.0,0.0,0.0,0.0
image_166.png,DOWN,1.03987441958381,-0.1389610653369676,4.34602026766968,0.0,0.0,2.8879428190113625,0.0,0.0,0.0,0.0,0.0,0.0,-35.0,122.5,0.0,0.0,0.0,0.0
image_167.png,DOWN,2.323310416012581,-0.7824748771616152,3.2329265083238323,0.0,0.0,3.2067719195644493,0.0,0.0,0.0,0.0,0.0,0.0,-35.0,122.5,0.0,0.0,0.0,0.0
image_168.png,DOWN,-0.3367609034533744,-2.23930359691386,3.107059240414636,0.0,0.0,3.672030007071141,0.0,0.0,0.0,0.0,0.0,0.0,-35.0,122.5,0.0,0.0,0.0,0.0
image_169.png,DOWN,-0.871170926164246,-2.3078822991022427,3.088503942630539,0.0,0.0,3.962327514137991,0.0,0.0,0.0,0.0,0.0,0.0,-35.0,122.5,0.0,0.0,0.0,0.0
image_170.png,DOWN,-1.2923719332928447,0.7422254577744452,4.6546264555517,0.0,0.0,4.025136948914547,0.0,0.0,0.0,0.0,0.0,0.0,-35.0,122.5,0.0,0.0,0.0,0.0
image_171.png,DOWN,-0.6729146540175817,1.9492306067724177,3.3977844355348963,0.0,0.0,4.09287397653204,0.0,0.0,0.0,0.0,0.0,0.0,-35.0,122.5,0.0,0.0,0.0,0.0
image_172.png,DOWN,-1.2091710518773773,-0.6160108599023832,3.065551802586727,0.0,0.0,4.1846752790158135,0.0,0.0,0.0,0.0,0.0,0.0,-35.0,122.5,0.0,0.0,0.0,0.0
image_173.png,DOWN,2.3593964475888938,0.7549170546742545,3.3061937936714454,0.0,0.0,4.285996925874873,0.0,0.0,0.0,0.0,0.0,0.0,-35.0,122.5,0.0,0.0,0.0,0.0
image_174.png,DOWN,0.2304715935797902,0.259004276991655,4.656960981035703,0.0,0.0,4.420868168649792,0.0,0.0,0.0,0.0,0.0,0.0,-35.0,122.5,0.0,0.0,0.0,0.0
image_175.png,DOWN,-1.4790439037652083,-0.8515075041641039,3.219139384083378,0.0,0.0,4.42396225861806,0.0,0.0,0.0,0.0,0.0,0.0,-35.0,122.5,0.0,0.0,0.0,0.0
image_176.png,DOWN,-1.338995594617426,0.1129518418557059,3.4429803576059155,0.0,0.0,4.440490618673593,0.0,0.0,0.0,0.0,0.0,0.0,-35.0,122.5,0.0,0.0,0.0,0.0
image_177.png,DOWN,-0.2927505532110268,-1.6773904823312222,3.903614036168961,0.0,0.0,4.5922276607070565,0.0,0.0,0.0,0.0,0.0,0.0,-35.0,122.5,0.0,0.0,0.0,0.0
image_178.png,DOWN,-0.1455453690472511,-2.29896618372189,3.488314067673759,0.0,0.0,4.638605553630718,0.0,0.0,0.0,0.0,0.0,0.0,-35.0,122.5,0.0,0.0,0.0,0.0
image_179.png,DOWN,-1.6146375879231771,0.2444724643290615,3.823252919016874,0.0,0.0,4.936676218707131,0.0,0.0,0.0,0.0,0.0,0.0,-35.0,122.5,0.0,0.0,0.0,0.0
image_180.png,DOWN,-0.0511649434400406,1.9200603270126395,4.919391278058487,0.0,0.0,5.215852573336036,0.0,0.0,0.0,0.0,0.0,0.0,-35.0,122.5,0.0,0.0,0.0,0.0
image_181.png,DOWN,-1.7157777606784614,-0.7833144339309771,4.192368893558488,0.0,0.0,5.617703692560472,0.0,0.0,0.0,0.0,0.0,0.0,-35.0,122.5,0.0,0.0,0.0,0.0
image_182.png,DOWN,0.0447907616879612,1.777616012643188,4.392438400501238,0.0,0.0,5.8256310446498745,0.0,0.0,0.0,0.0,0.0,0.0,-35.0,122.5,0.0,0.0,0.0,0.0
image_183.png,DOWN,0.2877232138379008,-0.7971778594800784,3.9241950592549,0.0,0.0,6.479801880053909,0.0,0.0,0.0,0.0,0.0,0.0,-35.0,122.5,0.0,0.0,0.0,0.0
image_184.png,DOWN,0.4523745146011806,-1.1114671668381362,4.838342001447599,0.0,0.0,6.513616420388992,0.0,0.0,0.0,0.0,0.0,0.0,-35.0,122.5,0.0,0.0,0.0,0.0
image_185.png,DOWN,2.3012056360457898,0.9428596868238198,4.32571295711424,0.0,0.0,6.8584222425497074,0.0,0.0,0.0,0.0,0.0,0.0,-35.0,122.5,0.0,0.0,0.0,0.0
image_186.png,DOWN,0.2325744107302622,1.8980194832041783,3.2881170821816843,0.0,0.0,7.503992196726369,0.0,0.0,0.0,0.0,0.0,0.0,-35.0,122.5,0.0,0.0,0.0,0.0
image_187.png,DOWN,0.4569414996169768,0.0002115946337403,3.940642564672082,0.0,0.0,7.536412408012616,0.0,0.0,0.0,0.0,0.0,0.0,-35.0,122.5,0.0,0.0,0.0,0.0
image_188.png,DOWN,1.4658585944570286,1.9008504218796372,3.0007346875029155,0.0,0.0,7.710452748977541,0.0,0.0,0.0,0.0,0.0,0.0,-35.0,122.5,0.0,0.0,0.0,0.0
image_189.png,DOWN,0.8668993115940201,1.3559952954328678,4.301828007715011,0.0,0.0,7.756686125669393,0.0,0.0,0.0,0.0,0.0,0.0,-35.0,122.5,0.0,0.0,0.0,0.0
image_190.png,DOWN,-1.3205545598962964,1.4851049017038376,4.033666080761941,0.0,0.0,8.008202930803588,0.0,0.0,0.0,0.0,0.0,0.0,-35.0,122.5,0.0,0.0,0.0,0.0
image_191.png,DOWN,-1.9019046702646112,-1.0037044575114775,4.313676693903966,0.0,0.0,8.45828581264971,0.0,0.0,0.0,0.0,0.0,0.0,-35.0,122.5,0.0,0.0,0.0,0.0
image_192.png,DOWN,1.4333772337816406,-1.9031911348503152,4.464284438279403,0.0,0.0,8.555061586474082,0.0,0.0,0.0,0.0,0.0,0.0,-35.0,122.5,0.0,0.0,0.0,0.0
image_193.png,DOWN,-0.5955923044545295,0.3849541618740604,4.702396943430008,0.0,0.0,8.828785833678864,0.0,0.0,0.0,0.0,0.0,0.0,-35.0,122.5,0.0,0.0,0.0,0.0
image_194.png,DOWN,-2.3859389222468934,0.1735676106555098,4.345254278514924,0.0,0.0,8.834842865310332,0.0,0.0,0.0,0.0,0.0,0.0,-35.0,122.5,0.0,0.0,0.0,0.0
image_195.png,DOWN,1.623198315958531,0.9348632049738156,3.1331926644711023,0.0,0.0,8.85558819122387,0.0,0.0,0.0,0.0,0.0,0.0,-35.0,122.5,0.0,0.0,0.0,0.0
image_196.png,DOWN,1.6926844013277793,0.7119854629392437,3.830250509663588,0.0,0.0,8.888082429391122,0.0,0.0,0.0,0.0,0.0,0.0,-35.0,122.5,0.0,0.0,0.0,0.0
image_197.png,DOWN,0.8125077139041114,-2.2647280114232182,3.185702426135936,0.0,0.0,9.269399894903714,0.0,0.0,0.0,0.0,0.0,0.0,-35.0,122.5,0.0,0.0,0.0,0.0
image_198.png,DOWN,-1.5144923586398438,1.504073135362079,3.912445003923106,0.0,0.0,9.284195132320896,0.0,0.0,0.0,0.0,0.0,0.0,-35.0,122.5,0.0,0.0,0.0,0.0
image_199.png,DOWN,0.8693343890958978,-1.808826966964114,4.690729037335526,0.0,0.0,9.664054765802362,0.0,0.0,0.0,0.0,0.0,0.0,-35.0,122.5,0.0,0.0,0.0,0.0
image_200.png,DOWN,-0.0078842608414802,-1.3951690078874808,3.480584640060333,0.0,0.0,9.963979056892192,0.0,0.0,0.0,0.0,0.0,0.0,-35.0,122.5,0.0,0.0,0.0,0.0
image_201.png,LEFT,0.051998957529725,-1.424209174669694,3.5180378345508885,0.0,0.0,-9.83625422740528,0.0,0.0,0.0,0.0,0.0,0.0,-35.0,140.0,0.0,0.0,0.0,0.0
image_202.png,LEFT,-1.2256034962353253,1.0855916122069045,4.223566696320255,0.0,0.0,-9.796383552321226,0.0,0.0,0.0,0.0,0.0,0.0,-35.0,140.0,0.0,0.0,0.0,0.0
image_203.png,LEFT,1.2101946105690204,0.1925298983149121,4.873725651118711,0.0,0.0,-9.411295258772777,0.0,0.0,0.0,0.0,0.0,0.0,-35.0,140.0,0.0,0.0,0.0,0.0
image_204.png,LEFT,-2.193915870046639,0.0858669703481637,3.177515970838906,0.0,0.0,-8.483914737612217,0.0,0.0,0.0,0.0,0.0,0.0,-35.0,140.0,0.0,0.0,0.0,0.0
image_205.png,LEFT,-0.984779915063155,1.755304165613905,3.110712626268728,0.0,0.0,-8.262394197758985,0.0,0.0,0.0,0.0,0.0,0.0,-35.0,140.0,0.0,0.0,0.0,0.0
image_206.png,LEFT,1.4108545842819675,0.3376355022638715,4.604375841752772,0.0,0.0,-8.181481403592393,0.0,0.0,0.0,0.0,0.0,0.0,-35.0,140.0,0.0,0.0,0.0,0.0
image_207.png,LEFT,0.3160487048134018,-2.1086989800407894,4.3544248582279055,0.0,0.0,-8.09239296013015,0.0,0.0,0.0,0.0,0.0,0.0,-35.0,140.0,0.0,0.0,0.0,0.0
image_208.png,LEFT,1.741832608571622,-0.9061739288977388,3.908657452777291,0.0,0.0,-8.07486550751376,0.0,0.0,0.0,0.0,0.0,0.0,-35.0,140.0,0.0,0.0,0.0,0.0
image_209.png,LEFT,-1.1831900817244292,-1.5541717025577269,4.329357446762659,0.0,0.0,-8.07396395778449,0.0,0.0,0.0,0.0,0.0,0.0,-35.0,140.0,0.0,0.0,0.0,0.0
image_210.png,LEFT,1.7061468967006117,-0.2609336630668543,4.259236605413186,0.0,0.0,-8.04162402418517,0.0,0.0,0.0,0.0,0.0,0.0,-35.0,140.0,0.0,0.0,0.0,0.0
image_211.png,LEFT,0.7219883573728957,-1.2296435036342417,4.547725930378649,0.0,0.0,-7.980474405589124,0.0,0.0,0.0,0.0,0.0,0.0,-35.0,140.0,0.0,0.0,0.0,0.0
image_212.png,LEFT,0.6329974667629615,-1.811446061892232,4.2066951901124,0.0,0.0,-6.792937092390236,0.0,0.0,0.0,0.0,0.0,0.0,-35.0,140.0,0.0,0.0,0.0,0.0
image_213.png,LEFT,1.9279521060487597,-1.2279166240886543,4.927198888789775,0.0,0.0,-6.682926926483246,0.0,0.0,0.0,0.0,0.0,0.0,-35.0,140.0,0.0,0.0,0.0,0.0
image_214.png,LEFT,0.2221015313574337,1.441992859878722,3.7843597652380314,0.0,0.0,-6.503268735117818,0.0,0.0,0.0,0.0,0.0,0.0,-35.0,140.0,0.0,0.0,0.0,0.0
image_215.png,LEFT,-0.7790381100345596,1.915911963742389,3.140347135729809,0.0,0.0,-6.208522683110099,0.0,0.0,0.0,0.0,0.0,0.0,-35.0,140.0,0.0,0.0,0.0,0.0
image_216.png,LEFT,-0.0952117689442332,-2.3823668074476734,3.332154177186836,0.0,0.0,-5.823467504325313,0.0,0.0,0.0,0.0,0.0,0.0,-35.0,140.0,0.0,0.0,0.0,0.0
image_217.png,LEFT,-1.169667238892122,0.7711730717263807,4.472521602951751,0.0,0.0,-5.478047875451642,0.0,0.0,0.0,0.0,0.0,0.0,-35.0,140.0,0.0,0.0,0.0,0.0
image_218.png,LEFT,-0.5060074426343698,2.0494354881813885,3.6000637432342506,0.0,0.0,-5.242496548495945,0.0,0.0,0.0,0.0,0.0,0.0,-35.0,140.0,0.0,0.0,0.0,0.0
image_219.png,LEFT,-0.8288539203850478,0.1980370044375156,4.578028492442216,0.0,0.0,-4.865151837018855,0.0,0.0,0.0,0.0,0.0,0.0,-35.0,140.0,0.0,0.0,0.0,0.0
image_220.png,LEFT,0.4094601942956187,-0.7850026146514458,4.587502499385307,0.0,0.0,-4.756429574118382,0.0,0.0,0.0,0.0,0.0,0.0,-35.0,140.0,0.0,0.0,0.0,0.0
image_221.png,LEFT,0.0890771840670701,2.2678171091179213,3.7657066110720026,0.0,0.0,-4.728447150995622,0.0,0.0,0.0,0.0,0.0,0.0,-35.0,140.0,0.0,0.0,0.0,0.0
image_222.png,LEFT,-0.0660226487304836,-0.3858854334487657,3.2987523893134423,0.0,0.0,-4.684531119073892,0.0,0.0,0.0,0.0,0.0,0.0,-35.0,140.0,0.0,0.0,0.0,0.0
image_223.png,LEFT,-0.6186503147089761,1.8567435477303231,4.492995631751408,0.0,0.0,-4.6224353921930295,0.0,0.0,0.0,0.0,0.0,0.0,-35.0,140.0,0.0,0.0,0.0,0.0
image_224.png,LEFT,-1.988266213982533,0.0502932805073144,3.8279249913917592,0.0,0.0,-4.3938152989887325,0.0,0.0,0.0,0.0,0.0,0.0,-35.0,140.0,0.0,0.0,0.0,0.0
image_225.png,LEFT,-0.2436712751876678,1.0066674791481771,4.666957751686753,0.0,0.0,-4.132382134663697,0.0,0.0,0.0,0.0,0.0,0.0,-35.0,140.0,0.0,0.0,0.0,0.0
image_226.png,LEFT,0.2337240607756991,1.50100595025136,3.891945321200721,0.0,0.0,-4.077465452952089,0.0,0.0,0.0,0.0,0.0,0.0,-35.0,140.0,0.0,0.0,0.0,0.0
image_227.png,LEFT,-0.1456661377277298,1.834035306570836,3.720496317624602,0.0,0.0,-3.8905403975122654,0.0,0.0,0.0,0.0,0.0,0.0,-35.0,140.0,0.0,0.0,0.0,0.0
image_228.png,LEFT,0.7114809107395585,-0.3883089592009849,3.828442100191783,0.0,0.0,-3.880688188922181,0.0,0.0,0.0,0.0,0.0,0.0,-35.0,140.0,0.0,0.0,0.0,0.0
image_229.png,LEFT,0.8578917239851328,2.05665763186401,3.552538216024179,0.0,0.0,-3.673292141888648,0.0,0.0,0.0,0.0,0.0,0.0,-35.0,140.0,0.0,0.0,0.0,0.0
image_230.png,LEFT,2.1645913064966806,0.280177662573467,3.400341363101137,0.0,0.0,-3.584788761700823,0.0,0.0,0.0,0.0,0.0,0.0,-35.0,140.0,0.0,0.0,0.0,0.0
image_231.png,LEFT,-0.5498417815523654,-1.6017131931295994,3.171371749458845,0.0,0.0,-3.5467407003005675,0.0,0.0,0.0,0.0,0.0,0.0,-35.0,140.0,0.0,0.0,0.0,0.0
image_232.png,LEFT,0.0711957752341642,-0.9493569378838792,4.220426116673975,0.0,0.0,-3.2729868940614804,0.0,0.0,0.0,0.0,0.0,0.0,-35.0,140.0,0.0,0.0,0.0,0.0
image_233.png,LEFT,-0.606563842053235,1.259340017641993,3.3115712379081343,0.0,0.0,-2.9706258450502983,0.0,0.0,0.0,0.0,0.0,0.0,-35.0,140.0,0.0,0.0,0.0,0.0
image_234.png,LEFT,1.5300212254167365,0.1328232174188677,4.723275446388319,0.0,0.0,-2.917212697556783,0.0,0.0,0.0,0.0,0.0,0.0,-35.0,140.0,0.0,0.0,0.0,0.0
image_235.png,LEFT,-0.4800065064574597,1.0921555256702378,3.604414565472021,0.0,0.0,-2.671801993943495,0.0,0.0,0.0,0.0,0.0,0.0,-35.0,140.0,0.0,0.0,0.0,0.0
image_236.png,LEFT,-0.4359523317740458,-1.0063495413830048,3.1395765603568364,0.0,0.0,-2.652991997576608,0.0,0.0,0.0,0.0,0.0,0.0,-35.0,140.0,0.0,0.0,0.0,0.0
image_237.png,LEFT,-0.076227330215542,1.3850050431794647,3.5057597744031543,0.0,0.0,-2.541498074768107,0.0,0.0,0.0,0.0,0.0,0.0,-35.0,140.0,0.0,0.0,0.0,0.0
image_238.png,LEFT,-1.2078450146901636,0.3228658491863845,4.495152727299214,0.0,0.0,-2.5292438569483133,0.0,0.0,0.0,0.0,0.0,0.0,-35.0,140.0,0.0,0.0,0.0,0.0
image_239.png,LEFT,-0.9227077494272504,-1.633251171319551,3.661449930989272,0.0,0.0,-2.2083044264455958,0.0,0.0,0.0,0.0,0.0,0.0,-35.0,140.0,0.0,0.0,0.0,0.0
image_240.png,LEFT,-1.696214451167542,-0.8132383673373428,4.912299668248038,0.0,0.0,-1.936253258638331,0.0,0.0,0.0,0.0,0.0,0.0,-35.0,140.0,0.0,0.0,0.0,0.0
image_241.png,LEFT,0.8435939976496082,2.034618169354502,3.811267789246528,0.0,0.0,-1.5870596593256252,0.0,0.0,0.0,0.0,0.0,0.0,-35.0,140.0,0.0,0.0,0.0,0.0
image_242.png,LEFT,0.7442770952023828,-0.4420960318313158,3.778474503904455,0.0,0.0,-1.3773852455152849,0.0,0.0,0.0,0.0,0.0,0.0,-35.0,140.0,0.0,0.0,0.0,0.0
image_243.png,LEFT,0.3514377569736649,0.7744223318422004,4.905821696077704,0.0,0.0,-1.3111668956293965,0.0,0.0,0.0,0.0,0.0,0.0,-35.0,140.0,0.0,0.0,0.0,0.0
image_244.png,LEFT,0.2733412401189515,0.0400039291397802,3.858933170309297,0.0,0.0,-0.9749607710031613,0.0,0.0,0.0,0.0,0.0,0.0,-35.0,140.0,0.0,0.0,0.0,0.0
image_245.png,LEFT,0.0373323382959635,0.3271061969115409,4.361720241622275,0.0,0.0,-0.5736559857853489,0.0,0.0,0.0,0.0,0.0,0.0,-35.0,140.0,0.0,0.0,0.0,0.0
image_246.png,LEFT,-1.592615673262384,0.2578567996738509,4.001517505843922,0.0,0.0,-0.3245290738071116,0.0,0.0,0.0,0.0,0.0,0.0,-35.0,140.0,0.0,0.0,0.0,0.0
image_247.png,LEFT,-0.2946274906101331,0.8927669578534345,3.521095276731365,0.0,0.0,-0.2015326672230664,0.0,0.0,0.0,0.0,0.0,0.0,-35.0,140.0,0.0,0.0,0.0,0.0
image_248.png,LEFT,-0.559611837593472,0.584529398561515,4.809886426593646,0.0,0.0,-0.0860015463398973,0.0,0.0,0.0,0.0,0.0,0.0,-35.0,140.0,0.0,0.0,0.0,0.0
image_249.png,LEFT,-2.463709104532517,0.0366412894134397,4.557168528056563,0.0,0.0,0.0247262357202693,0.0,0.0,0.0,0.0,0.0,0.0,-35.0,140.0,0.0,0.0,0.0,0.0
image_250.png,LEFT,1.3195349272521568,0.0229759972715645,4.009292383265982,0.0,0.0,0.2361312013207399,0.0,0.0,0.0,0.0,0.0,0.0,-35.0,140.0,0.0,0.0,0.0,0.0
image_251.png,LEFT,0.7624919520152293,2.3319393339328047,4.385323292567807,0.0,0.0,0.7750371688731317,0.0,0.0,0.0,0.0,0.0,0.0,-35.0,140.0,0.0,0.0,0.0,0.0
image_252.png,LEFT,1.1569887252179585,-0.4743438990452224,3.683868296328586,0.0,0.0,0.8387177922995885,0.0,0.0,0.0,0.0,0.0,0.0,-35.0,140.0,0.0,0.0,0.0,0.0
image_253.png,LEFT,0.2523037293704812,0.7470053906984774,4.784226669933538,0.0,0.0,0.8501168572447142,0.0,0.0,0.0,0.0,0.0,0.0,-35.0,140.0,0.0,0.0,0.0,0.0
image_254.png,LEFT,2.313569425346432,-0.3554884163132121,4.598366416210087,0.0,0.0,0.9202777930534688,0.0,0.0,0.0,0.0,0.0,0.0,-35.0,140.0,0.0,0.0,0.0,0.0
image_255.png,LEFT,0.2277523113757166,-1.9456703099876735,3.764271480405181,0.0,0.0,1.0885745478482285,0.0,0.0,0.0,0.0,0.0,0.0,-35.0,140.0,0.0,0.0,0.0,0.0
image_256.png,LEFT,-0.593459978679052,1.639402777496727,4.245853440131978,0.0,0.0,1.1841880286207722,0.0,0.0,0.0,0.0,0.0,0.0,-35.0,140.0,0.0,0.0,0.0,0.0
image_257.png,LEFT,-2.112418766823944,-0.9303033748089474,3.439608795712944,0.0,0.0,1.246781017202883,0.0,0.0,0.0,0.0,0.0,0.0,-35.0,140.0,0.0,0.0,0.0,0.0
image_258.png,LEFT,-0.6243549956773194,2.187506153172119,4.67701718161525,0.0,0.0,1.2480365202638062,0.0,0.0,0.0,0.0,0.0,0.0,-35.0,140.0,0.0,0.0,0.0,0.0
image_259.png,LEFT,0.5468347821454531,1.8011314224776276,3.9860337084756576,0.0,0.0,2.147296434532846,0.0,0.0,0.0,0.0,0.0,0.0,-35.0,140.0,0.0,0.0,0.0,0.0
image_260.png,LEFT,-1.3932074565639203,-0.395961605025261,3.296008112700062,0.0,0.0,2.2844866325337136,0.0,0.0,0.0,0.0,0.0,0.0,-35.0,140.0,0.0,0.0,0.0,0.0
image_261.png,LEFT,-0.6561565833869156,1.9191815949763915,4.632825427428127,0.0,0.0,2.3728150785461004,0.0,0.0,0.0,0.0,0.0,0.0,-35.0,140.0,0.0,0.0,0.0,0.0
image_262.png,LEFT,0.4790269482331138,1.128154520882931,4.956457862235557,0.0,0.0,2.532268712077732,0.0,0.0,0.0,0.0,0.0,0.0,-35.0,140.0,0.0,0.0,0.0,0.0
image_263.png,LEFT,-1.1995094177222312,1.1219558686011335,4.202321167100068,0.0,0.0,2.532735034850999,0.0,0.0,0.0,0.0,0.0,0.0,-35.0,140.0,0.0,0.0,0.0,0.0
image_264.png,LEFT,1.3051195604010166,-1.6466592517827634,4.2682256098448885,0.0,0.0,2.713545277616838,0.0,0.0,0.0,0.0,0.0,0.0,-35.0,140.0,0.0,0.0,0.0,0.0
image_265.png,LEFT,0.8377305374575568,-1.8599735246213924,3.078252222864563,0.0,0.0,2.9853865197435514,0.0,0.0,0.0,0.0,0.0,0.0,-35.0,140.0,0.0,0.0,0.0,0.0
image_266.png,LEFT,0.324191786188453,-2.189215717855304,3.153636907954983,0.0,0.0,3.465222015489907,0.0,0.0,0.0,0.0,0.0,0.0,-35.0,140.0,0.0,0.0,0.0,0.0
image_267.png,LEFT,1.5919286483193025,-1.9149079861763705,3.229385050893809,0.0,0.0,3.6390626293464496,0.0,0.0,0.0,0.0,0.0,0.0,-35.0,140.0,0.0,0.0,0.0,0.0
image_268.png,LEFT,-1.1222359200692689,0.4680949253772555,4.656779105007171,0.0,0.0,3.64859146735226,0.0,0.0,0.0,0.0,0.0,0.0,-35.0,140.0,0.0,0.0,0.0,0.0
image_269.png,LEFT,1.560920839148615,-0.4536165399915822,4.619284655597659,0.0,0.0,3.826217624215893,0.0,0.0,0.0,0.0,0.0,0.0,-35.0,140.0,0.0,0.0,0.0,0.0
image_270.png,LEFT,-2.389495668999222,0.531128323344757,3.817018235795252,0.0,0.0,4.160224801386612,0.0,0.0,0.0,0.0,0.0,0.0,-35.0,140.0,0.0,0.0,0.0,0.0
image_271.png,LEFT,0.2164236038595583,-1.0713811433173708,3.49585445650733,0.0,0.0,4.28479949703763,0.0,0.0,0.0,0.0,0.0,0.0,-35.0,140.0,0.0,0.0,0.0,0.0
image_272.png,LEFT,-0.8454945237116943,0.4167967308308021,3.84901961580074,0.0,0.0,4.343704805962121,0.0,0.0,0.0,0.0,0.0,0.0,-35.0,140.0,0.0,0.0,0.0,0.0
image_273.png,LEFT,0.4599637221093753,-1.8395924253336935,4.567015531285071,0.0,0.0,4.569309897860363,0.0,0.0,0.0,0.0,0.0,0.0,-35.0,140.0,0.0,0.0,0.0,0.0
image_274.png,LEFT,2.3879006734946877,0.0715643537965642,4.186066278657528,0.0,0.0,4.629004983180241,0.0,0.0,0.0,0.0,0.0,0.0,-35.0,140.0,0.0,0.0,0.0,0.0
image_275.png,LEFT,-2.0597089997552644,-0.3409296068879043,4.568166092806488,0.0,0.0,5.309179406648191,0.0,0.0,0.0,0.0,0.0,0.0,-35.0,140.0,0.0,0.0,0.0,0.0
image_276.png,LEFT,-1.0084905117660914,0.564461524915452,3.117258117767544,0.0,0.0,5.367222881952651,0.0,0.0,0.0,0.0,0.0,0.0,-35.0,140.0,0.0,0.0,0.0,0.0
image_277.png,LEFT,-1.3988288841865375,-0.7736117438144146,3.549688788428523,0.0,0.0,5.642707268488319,0.0,0.0,0.0,0.0,0.0,0.0,-35.0,140.0,0.0,0.0,0.0,0.0
image_278.png,LEFT,-1.611427539450158,-0.4296066129733177,3.15359494045423,0.0,0.0,5.760707374006,0.0,0.0,0.0,0.0,0.0,0.0,-35.0,140.0,0.0,0.0,0.0,0.0
image_279.png,LEFT,0.3255614853460826,-0.439775809920513,4.6780584519177415,0.0,0.0,6.213926920029113,0.0,0.0,0.0,0.0,0.0,0.0,-35.0,140.0,0.0,0.0,0.0,0.0
image_280.png,LEFT,-1.6669965919779015,1.818557174659713,3.799040893272704,0.0,0.0,6.227540806032252,0.0,0.0,0.0,0.0,0.0,0.0,-35.0,140.0,0.0,0.0,0.0,0.0
image_281.png,LEFT,0.679781367486809,0.7473621426547028,3.3999331718158485,0.0,0.0,6.24370800362458,0.0,0.0,0.0,0.0,0.0,0.0,-35.0,140.0,0.0,0.0,0.0,0.0
image_282.png,LEFT,0.323593063974791,0.7224273716046444,3.1196926311017013,0.0,0.0,6.651770356443677,0.0,0.0,0.0,0.0,0.0,0.0,-35.0,140.0,0.0,0.0,0.0,0.0
image_283.png,LEFT,-0.2363403993878859,0.2284809516122812,4.846682169043466,0.0,0.0,7.202870006092979,0.0,0.0,0.0,0.0,0.0,0.0,-35.0,140.0,0.0,0.0,0.0,0.0
image_284.png,LEFT,-1.9803392727855136,-0.0432935164416224,3.2704865919117267,0.0,0.0,7.45203853507213,0.0,0.0,0.0,0.0,0.0,0.0,-35.0,140.0,0.0,0.0,0.0,0.0
image_285.png,LEFT,-0.5666134396765503,0.8164513912649098,3.985947207845799,0.0,0.0,7.623353881363442,0.0,0.0,0.0,0.0,0.0,0.0,-35.0,140.0,0.0,0.0,0.0,0.0
image_286.png,LEFT,-0.1510866251392963,-2.1129050791796047,4.395035467737687,0.0,0.0,7.73010310208409,0.0,0.0,0.0,0.0,0.0,0.0,-35.0,140.0,0.0,0.0,0.0,0.0
image_287.png,LEFT,0.1125526148809377,1.365409005116385,4.101157836269888,0.0,0.0,7.905936735082836,0.0,0.0,0.0,0.0,0.0,0.0,-35.0,140.0,0.0,0.0,0.0,0.0
image_288.png,LEFT,-0.732930924781266,-0.0732537398164216,4.38152254766755,0.0,0.0,7.930225241266424,0.0,0.0,0.0,0.0,0.0,0.0,-35.0,140.0,0.0,0.0,0.0,0.0
image_289.png,LEFT,-0.0967067110431537,0.528736999823226,4.703115588566979,0.0,0.0,8.464636742363354,0.0,0.0,0.0,0.0,0.0,0.0,-35.0,140.0,0.0,0.0,0.0,0.0
image_290.png,LEFT,-1.7036577640047956,-1.204096469634826,4.467140895341212,0.0,0.0,8.721180410096128,0.0,0.0,0.0,0.0,0.0,0.0,-35.0,140.0,0.0,0.0,0.0,0.0
image_291.png,LEFT,-0.3780139014433974,-1.953249409363752,4.688187423917166,0.0,0.0,8.833662116501799,0.0,0.0,0.0,0.0,0.0,0.0,-35.0,140.0,0.0,0.0,0.0,0.0
image_292.png,LEFT,1.0721147432784317,-2.1086723610496096,3.822674766299329,0.0,0.0,9.078314147712176,0.0,0.0,0.0,0.0,0.0,0.0,-35.0,140.0,0.0,0.0,0.0,0.0
image_293.png,LEFT,0.696053074408511,-0.5983284713479807,4.119894821579177,0.0,0.0,9.135027974980012,0.0,0.0,0.0,0.0,0.0,0.0,-35.0,140.0,0.0,0.0,0.0,0.0
image_294.png,LEFT,-0.0526633258005975,-2.401819863856483,3.615931382727128,0.0,0.0,9.28201879544925,0.0,0.0,0.0,0.0,0.0,0.0,-35.0,140.0,0.0,0.0,0.0,0.0
image_295.png,LEFT,-1.031377237074821,1.727270592163359,4.1557274485237095,0.0,0.0,9.333639747470285,0.0,0.0,0.0,0.0,0.0,0.0,-35.0,140.0,0.0,0.0,0.0,0.0
image_296.png,LEFT,0.9686899883348132,0.1658684251841088,3.630303006890956,0.0,0.0,9.593287809441328,0.0,0.0,0.0,0.0,0.0,0.0,-35.0,140.0,0.0,0.0,0.0,0.0
image_297.png,LEFT,-2.162129394397075,0.5423702690783317,3.956431279691551,0.0,0.0,9.732446426669828,0.0,0.0,0.0,0.0,0.0,0.0,-35.0,140.0,0.0,0.0,0.0,0.0
image_298.png,LEFT,1.319587695186611,1.330652067976597,4.829205388989674,0.0,0.0,9.759953992196255,0.0,0.0,0.0,0.0,0.0,0.0,-35.0,140.0,0.0,0.0,0.0,0.0
image_299.png,LEFT,1.449824776275306,-1.704071755382553,3.3950797875322145,0.0,0.0,9.846939246393497,0.0,0.0,0.0,0.0,0.0,0.0,-35.0,140.0,0.0,0.0,0.0,0.0
image_300.png,LEFT,1.98453597827847,-0.9744791009306868,3.633168822059906,0.0,0.0,9.998622940376322,0.0,0.0,0.0,0.0,0.0,0.0,-35.0,140.0,0.0,0.0,0.0,0.0
image_301.png,RIGHT,0.6635707374558081,-1.3676387680689104,4.788328367525124,0.0,0.0,-9.868534446987791,0.0,0.0,0.0,0.0,0.0,0.0,-35.0,157.5,0.0,0.0,0.0,0.0
image_302.png,RIGHT,-1.9215068194903897,-0.818206226643916,4.335240137768636,0.0,0.0,-9.763727256570691,0.0,0.0,0.0,0.0,0.0,0.0,-35.0,157.5,0.0,0.0,0.0,0.0
image_303.png,RIGHT,-1.989245110541953,1.07855556844363,3.648085430943525,0.0,0.0,-9.662324311419884,0.0,0.0,0.0,0.0,0.0,0.0,-35.0,157.5,0.0,0.0,0.0,0.0
image_304.png,RIGHT,-0.1165359017969995,-2.1544315611817573,3.3409584265580365,0.0,0.0,-9.445785010037197,0.0,0.0,0.0,0.0,0.0,0.0,-35.0,157.5,0.0,0.0,0.0,0.0
image_305.png,RIGHT,-0.7376805445871095,0.0754793318880952,3.0647058521058783,0.0,0.0,-9.408522976869843,0.0,0.0,0.0,0.0,0.0,0.0,-35.0,157.5,0.0,0.0,0.0,0.0
image_306.png,RIGHT,-1.0446458163800507,-1.477847422116734,4.759286792480296,0.0,0.0,-9.405556317561452,0.0,0.0,0.0,0.0,0.0,0.0,-35.0,157.5,0.0,0.0,0.0,0.0
image_307.png,RIGHT,-1.109431772459624,-1.3418543029627246,3.559890357301322,0.0,0.0,-9.26761651673406,0.0,0.0,0.0,0.0,0.0,0.0,-35.0,157.5,0.0,0.0,0.0,0.0
image_308.png,RIGHT,1.0825482225199083,2.146215277746669,4.613748627139228,0.0,0.0,-9.242248084197245,0.0,0.0,0.0,0.0,0.0,0.0,-35.0,157.5,0.0,0.0,0.0,0.0
image_309.png,RIGHT,0.0230463062496673,0.4292417658581632,4.333509085818895,0.0,0.0,-9.22398770173704,0.0,0.0,0.0,0.0,0.0,0.0,-35.0,157.5,0.0,0.0,0.0,0.0
image_310.png,RIGHT,-1.476601050340696,1.5567751886885417,4.32357409141961,0.0,0.0,-8.978204586847392,0.0,0.0,0.0,0.0,0.0,0.0,-35.0,157.5,0.0,0.0,0.0,0.0
image_311.png,RIGHT,-0.6615279514084546,-1.0027602557277675,4.145561162553726,0.0,0.0,-8.874329057326566,0.0,0.0,0.0,0.0,0.0,0.0,-35.0,157.5,0.0,0.0,0.0,0.0
image_312.png,RIGHT,1.7420777723912466,-0.0698221837043227,4.250977610118081,0.0,0.0,-8.873779906419458,0.0,0.0,0.0,0.0,0.0,0.0,-35.0,157.5,0.0,0.0,0.0,0.0
image_313.png,RIGHT,1.0701285970447296,-1.9640179974367635,4.408303021745545,0.0,0.0,-8.789579584344501,0.0,0.0,0.0,0.0,0.0,0.0,-35.0,157.5,0.0,0.0,0.0,0.0
image_314.png,RIGHT,2.044562794542093,-1.248333409003587,3.449479676181661,0.0,0.0,-8.509398320538416,0.0,0.0,0.0,0.0,0.0,0.0,-35.0,157.5,0.0,0.0,0.0,0.0
image_315.png,RIGHT,-1.8039489131359292,0.0073162153496295,4.218727274509469,0.0,0.0,-8.446857461534671,0.0,0.0,0.0,0.0,0.0,0.0,-35.0,157.5,0.0,0.0,0.0,0.0
image_316.png,RIGHT,-1.6460021014677777,0.3017779630382163,3.390635044746258,0.0,0.0,-8.119522389671431,0.0,0.0,0.0,0.0,0.0,0.0,-35.0,157.5,0.0,0.0,0.0,0.0
image_317.png,RIGHT,0.2320011490011796,-2.241847030777536,3.2061375013488043,0.0,0.0,-7.409812474276142,0.0,0.0,0.0,0.0,0.0,0.0,-35.0,157.5,0.0,0.0,0.0,0.0
image_318.png,RIGHT,0.5315998072849322,2.139895611414601,4.491066416440148,0.0,0.0,-7.315315903704683,0.0,0.0,0.0,0.0,0.0,0.0,-35.0,157.5,0.0,0.0,0.0,0.0
image_319.png,RIGHT,-1.1483540749707366,0.5253648694350219,4.8410947653224445,0.0,0.0,-6.925360210694162,0.0,0.0,0.0,0.0,0.0,0.0,-35.0,157.5,0.0,0.0,0.0,0.0
image_320.png,RIGHT,-0.6437052790629687,2.3342761336354987,3.89403113796928,0.0,0.0,-6.775834554756579,0.0,0.0,0.0,0.0,0.0,0.0,-35.0,157.5,0.0,0.0,0.0,0.0
image_321.png,RIGHT,-1.8669781945264965,1.2769566650111326,3.5218171784573014,0.0,0.0,-6.471931895347853,0.0,0.0,0.0,0.0,0.0,0.0,-35.0,157.5,0.0,0.0,0.0,0.0
image_322.png,RIGHT,-0.4845300748711881,-0.9994534733710888,4.199829028937375,0.0,0.0,-6.454895088993762,0.0,0.0,0.0,0.0,0.0,0.0,-35.0,157.5,0.0,0.0,0.0,0.0
image_323.png,RIGHT,2.1978771031860727,-0.5274840450039618,3.0893176487188905,0.0,0.0,-6.032415268179059,0.0,0.0,0.0,0.0,0.0,0.0,-35.0,157.5,0.0,0.0,0.0,0.0
image_324.png,RIGHT,2.0509555561011874,-0.0539718565090556,3.444186044633692,0.0,0.0,-6.021319913458305,0.0,0.0,0.0,0.0,0.0,0.0,-35.0,157.5,0.0,0.0,0.0,0.0
image_325.png,RIGHT,-1.0619785107394362,-2.252684300586953,4.604481664466364,0.0,0.0,-5.914341552072773,0.0,0.0,0.0,0.0,0.0,0.0,-35.0,157.5,0.0,0.0,0.0,0.0
image_326.png,RIGHT,1.578323885062171,-0.0262457027295346,3.452394522903544,0.0,0.0,-5.387029535900099,0.0,0.0,0.0,0.0,0.0,0.0,-35.0,157.5,0.0,0.0,0.0,0.0
image_327.png,RIGHT,-0.5429964519454875,1.2300209883006237,4.833233485020052,0.0,0.0,-5.225526671089698,0.0,0.0,0.0,0.0,0.0,0.0,-35.0,157.5,0.0,0.0,0.0,0.0
image_328.png,RIGHT,1.316115855309984,0.8540748154346453,3.0274831861428866,0.0,0.0,-5.151869916860297,0.0,0.0,0.0,0.0,0.0,0.0,-35.0,157.5,0.0,0.0,0.0,0.0
image_329.png,RIGHT,1.2362287788053867,-1.0488216794531515,4.317832866368636,0.0,0.0,-5.101705367533236,0.0,0.0,0.0,0.0,0.0,0.0,-35.0,157.5,0.0,0.0,0.0,0.0
image_330.png,RIGHT,0.6193925245252904,0.7560864242337122,3.340194024371981,0.0,0.0,-4.853506023527898,0.0,0.0,0.0,0.0,0.0,0.0,-35.0,157.5,0.0,0.0,0.0,0.0
image_331.png,RIGHT,-1.533929563319837,-1.518228603796082,3.648303149892336,0.0,0.0,-4.722659507546034,0.0,0.0,0.0,0.0,0.0,0.0,-35.0,157.5,0.0,0.0,0.0,0.0
image_332.png,RIGHT,0.0955906069464722,-1.2462439177060656,4.021566076388913,0.0,0.0,-4.612183393110165,0.0,0.0,0.0,0.0,0.0,0.0,-35.0,157.5,0.0,0.0,0.0,0.0
image_333.png,RIGHT,1.718997562376658,-0.9631896367654325,3.567238291061943,0.0,0.0,-4.463444193329491,0.0,0.0,0.0,0.0,0.0,0.0,-35.0,157.5,0.0,0.0,0.0,0.0
image_334.png,RIGHT,-0.1040488314628359,-0.1928524809008689,3.435449358766165,0.0,0.0,-4.245073557676382,0.0,0.0,0.0,0.0,0.0,0.0,-35.0,157.5,0.0,0.0,0.0,0.0
image_335.png,RIGHT,0.2463815485953273,-0.7687331922769046,3.948111311731697,0.0,0.0,-4.132621682879849,0.0,0.0,0.0,0.0,0.0,0.0,-35.0,157.5,0.0,0.0,0.0,0.0
image_336.png,RIGHT,0.8319188756923523,0.3861918766190942,3.051410464099096,0.0,0.0,-4.028865102044586,0.0,0.0,0.0,0.0,0.0,0.0,-35.0,157.5,0.0,0.0,0.0,0.0
image_337.png,RIGHT,0.7266501297150516,-1.7585049206554502,4.07547498717442,0.0,0.0,-4.026851314402659,0.0,0.0,0.0,0.0,0.0,0.0,-35.0,157.5,0.0,0.0,0.0,0.0
image_338.png,RIGHT,0.9057320868118,-0.8068903281564542,3.812889824801771,0.0,0.0,-3.984422905770673,0.0,0.0,0.0,0.0,0.0,0.0,-35.0,157.5,0.0,0.0,0.0,0.0
image_339.png,RIGHT,0.2015252549362651,0.3039258628761383,4.603741006878914,0.0,0.0,-3.912767130284864,0.0,0.0,0.0,0.0,0.0,0.0,-35.0,157.5,0.0,0.0,0.0,0.0
image_340.png,RIGHT,-1.5256501111879988,0.2699121087142714,3.0762317504758947,0.0,0.0,-3.663147809860805,0.0,0.0,0.0,0.0,0.0,0.0,-35.0,157.5,0.0,0.0,0.0,0.0
image_341.png,RIGHT,0.9917096133331228,-0.1778937504360825,4.560719181414648,0.0,0.0,-3.568348342430223,0.0,0.0,0.0,0.0,0.0,0.0,-35.0,157.5,0.0,0.0,0.0,0.0
image_342.png,RIGHT,-0.6546799612822719,0.9454075353700964,4.085972474616776,0.0,0.0,-3.510656089458457,0.0,0.0,0.0,0.0,0.0,0.0,-35.0,157.5,0.0,0.0,0.0,0.0
image_343.png,RIGHT,-0.1102599836938333,2.4491372150490784,4.272036992435858,0.0,0.0,-3.1966613213894384,0.0,0.0,0.0,0.0,0.0,0.0,-35.0,157.5,0.0,0.0,0.0,0.0
image_344.png,RIGHT,-1.2625060642331516,-0.8149869393751172,4.905639024240129,0.0,0.0,-2.4420953406396206,0.0,0.0,0.0,0.0,0.0,0.0,-35.0,157.5,0.0,0.0,0.0,0.0
image_345.png,RIGHT,-0.6943873573890454,-1.1958703618276718,3.0812680799434,0.0,0.0,-2.236403020345314,0.0,0.0,0.0,0.0,0.0,0.0,-35.0,157.5,0.0,0.0,0.0,0.0
image_346.png,RIGHT,-1.7806497697380683,1.1558955942700782,3.307621908982857,0.0,0.0,-2.096125588416924,0.0,0.0,0.0,0.0,0.0,0.0,-35.0,157.5,0.0,0.0,0.0,0.0
image_347.png,RIGHT,-1.04696237283228,-1.7463250088085511,3.280167381758297,0.0,0.0,-1.5598707101779663,0.0,0.0,0.0,0.0,0.0,0.0,-35.0,157.5,0.0,0.0,0.0,0.0
image_348.png,RIGHT,0.8706303710657294,2.1834733411713847,3.285182869222316,0.0,0.0,-1.5127182586961183,0.0,0.0,0.0,0.0,0.0,0.0,-35.0,157.5,0.0,0.0,0.0,0.0
image_349.png,RIGHT,1.8967138100395489,0.3599411361460928,4.851269471771008,0.0,0.0,-1.0319011082734484,0.0,0.0,0.0,0.0,0.0,0.0,-35.0,157.5,0.0,0.0,0.0,0.0
image_350.png,RIGHT,-1.0618639580724945,2.210873270993862,3.975491701338976,0.0,0.0,-0.9937588391397512,0.0,0.0,0.0,0.0,0.0,0.0,-35.0,157.5,0.0,0.0,0.0,0.0
image_351.png,RIGHT,1.5417676030118157,-1.4919621826480411,3.186890911767096,0.0,0.0,-0.9129584728536032,0.0,0.0,0.0,0.0,0.0,0.0,-35.0,157.5,0.0,0.0,0.0,0.0
image_352.png,RIGHT,-0.7917407372524743,2.2115984731973435,4.672789284589387,0.0,0.0,-0.4125588848294388,0.0,0.0,0.0,0.0,0.0,0.0,-35.0,157.5,0.0,0.0,0.0,0.0
image_353.png,RIGHT,-0.8165071637413477,0.6235680650913614,4.923314258860937,0.0,0.0,-0.231251925109353,0.0,0.0,0.0,0.0,0.0,0.0,-35.0,157.5,0.0,0.0,0.0,0.0
image_354.png,RIGHT,1.3519315564136831,-0.5874559042174319,4.375017945659917,0.0,0.0,0.0601966444016195,0.0,0.0,0.0,0.0,0.0,0.0,-35.0,157.5,0.0,0.0,0.0,0.0
image_355.png,RIGHT,-1.2026831590794336,0.1585480219225811,3.840707618874418,0.0,0.0,0.1132651538221054,0.0,0.0,0.0,0.0,0.0,0.0,-35.0,157.5,0.0,0.0,0.0,0.0
image_356.png,RIGHT,-1.8446536940995355,-0.3963077554709785,3.876953497989273,0.0,0.0,0.4162277997805912,0.0,0.0,0.0,0.0,0.0,0.0,-35.0,157.5,0.0,0.0,0.0,0.0
image_357.png,RIGHT,2.159603461290556,1.1520936522898328,3.8262606554380576,0.0,0.0,0.9945022448284124,0.0,0.0,0.0,0.0,0.0,0.0,-35.0,157.5,0.0,0.0,0.0,0.0
image_358.png,RIGHT,-0.7551110285791155,1.6555392596855685,3.220559896985778,0.0,0.0,1.0852362573083916,0.0,0.0,0.0,0.0,0.0,0.0,-35.0,157.5,0.0,0.0,0.0,0.0
image_359.png,RIGHT,-2.334221698294044,0.0958699788735294,3.3118409683215786,0.0,0.0,1.1413498765568324,0.0,0.0,0.0,0.0,0.0,0.0,-35.0,157.5,0.0,0.0,0.0,0.0
image_360.png,RIGHT,-0.7651627271818721,-0.8820427583770535,4.567982830749782,0.0,0.0,1.263087067919491,0.0,0.0,0.0,0.0,0.0,0.0,-35.0,157.5,0.0,0.0,0.0,0.0
image_361.png,RIGHT,1.301606774609619,-1.5530102612380337,4.1726060210031095,0.0,0.0,1.3861206639030534,0.0,0.0,0.0,0.0,0.0,0.0,-35.0,157.5,0.0,0.0,0.0,0.0
image_362.png,RIGHT,1.0636314582941475,-1.398192079042101,3.031412697025657,0.0,0.0,1.7927312616840665,0.0,0.0,0.0,0.0,0.0,0.0,-35.0,157.5,0.0,0.0,0.0,0.0
image_363.png,RIGHT,-1.01198759737221,-1.1930858864007348,4.354406090518747,0.0,0.0,2.1464069113056503,0.0,0.0,0.0,0.0,0.0,0.0,-35.0,157.5,0.0,0.0,0.0,0.0
image_364.png,RIGHT,1.421211364057556,-1.4654086116514426,3.905276892993479,0.0,0.0,2.176725784221782,0.0,0.0,0.0,0.0,0.0,0.0,-35.0,157.5,0.0,0.0,0.0,0.0
image_365.png,RIGHT,-0.6244457864343945,0.9937080866184228,3.0473881527613367,0.0,0.0,2.318632290565405,0.0,0.0,0.0,0.0,0.0,0.0,-35.0,157.5,0.0,0.0,0.0,0.0
image_366.png,RIGHT,1.581500059150633,-0.5072895676095157,3.058880566732056,0.0,0.0,2.333791126082982,0.0,0.0,0.0,0.0,0.0,0.0,-35.0,157.5,0.0,0.0,0.0,0.0
image_367.png,RIGHT,0.9012214462740769,-1.3350300786213731,4.493872055035114,0.0,0.0,2.872277454349049,0.0,0.0,0.0,0.0,0.0,0.0,-35.0,157.5,0.0,0.0,0.0,0.0
image_368.png,RIGHT,-1.6540433606047178,0.0651544607858162,3.5538912228795025,0.0,0.0,3.006379572195799,0.0,0.0,0.0,0.0,0.0,0.0,-35.0,157.5,0.0,0.0,0.0,0.0
image_369.png,RIGHT,0.2254746988427576,0.8410022215040532,3.9186959216884985,0.0,0.0,3.113842913581607,0.0,0.0,0.0,0.0,0.0,0.0,-35.0,157.5,0.0,0.0,0.0,0.0
image_370.png,RIGHT,-0.4399919135759603,0.4834794403383451,4.472871641496275,0.0,0.0,3.1516647281630874,0.0,0.0,0.0,0.0,0.0,0.0,-35.0,157.5,0.0,0.0,0.0,0.0
image_371.png,RIGHT,-0.1374548902023503,-1.0941470602758816,3.1237555369169066,0.0,0.0,3.2140191515439653,0.0,0.0,0.0,0.0,0.0,0.0,-35.0,157.5,0.0,0.0,0.0,0.0
image_372.png,RIGHT,-1.3788982267873655,1.5586450469400304,4.843960237435821,0.0,0.0,3.288499553778625,0.0,0.0,0.0,0.0,0.0,0.0,-35.0,157.5,0.0,0.0,0.0,0.0
image_373.png,RIGHT,-1.8383200764653371,1.1679617562956497,3.5147855506616765,0.0,0.0,3.4039527578438094,0.0,0.0,0.0,0.0,0.0,0.0,-35.0,157.5,0.0,0.0,0.0,0.0
image_374.png,RIGHT,0.9563841258933232,0.3174922046880415,4.710396776561611,0.0,0.0,3.521355140611988,0.0,0.0,0.0,0.0,0.0,0.0,-35.0,157.5,0.0,0.0,0.0,0.0
image_375.png,RIGHT,-0.2519910508852711,-0.1779913448392483,4.131117674497927,0.0,0.0,3.728419732441143,0.0,0.0,0.0,0.0,0.0,0.0,-35.0,157.5,0.0,0.0,0.0,0.0
image_376.png,RIGHT,0.3487740900842679,-1.496355972673152,4.717602478996088,0.0,0.0,3.785924062188714,0.0,0.0,0.0,0.0,0.0,0.0,-35.0,157.5,0.0,0.0,0.0,0.0
image_377.png,RIGHT,-1.3423051212217734,1.2363777046056594,3.240253487915135,0.0,0.0,3.899033755581357,0.0,0.0,0.0,0.0,0.0,0.0,-35.0,157.5,0.0,0.0,0.0,0.0
image_378.png,RIGHT,-0.914670098511904,-1.3401690395637131,4.222845471989129,0.0,0.0,4.071977041586607,0.0,0.0,0.0,0.0,0.0,0.0,-35.0,157.5,0.0,0.0,0.0,0.0
image_379.png,RIGHT,1.9420115243366691,1.2866016131581253,3.2865558229636407,0.0,0.0,4.722053986017334,0.0,0.0,0.0,0.0,0.0,0.0,-35.0,157.5,0.0,0.0,0.0,0.0
image_380.png,RIGHT,0.7754466807082449,1.0613879111263238,4.045058715835077,0.0,0.0,4.759869589275949,0.0,0.0,0.0,0.0,0.0,0.0,-35.0,157.5,0.0,0.0,0.0,0.0
image_381.png,RIGHT,0.895949828650858,0.4787992346624703,3.297283182655083,0.0,0.0,4.94947156965333,0.0,0.0,0.0,0.0,0.0,0.0,-35.0,157.5,0.0,0.0,0.0,0.0
image_382.png,RIGHT,0.1572572306282995,1.242762294460172,4.604897311384724,0.0,0.0,5.047326117528199,0.0,0.0,0.0,0.0,0.0,0.0,-35.0,157.5,0.0,0.0,0.0,0.0
image_383.png,RIGHT,1.239612262684963,0.5139813594639954,3.2487745332820537,0.0,0.0,5.413923782046524,0.0,0.0,0.0,0.0,0.0,0.0,-35.0,157.5,0.0,0.0,0.0,0.0
image_384.png,RIGHT,-2.324190213309417,-0.538916412695931,4.527648474541844,0.0,0.0,5.516296955256383,0.0,0.0,0.0,0.0,0.0,0.0,-35.0,157.5,0.0,0.0,0.0,0.0
image_385.png,RIGHT,-0.4531014122110191,1.084413333039696,4.896753699363384,0.0,0.0,5.53747479726518,0.0,0.0,0.0,0.0,0.0,0.0,-35.0,157.5,0.0,0.0,0.0,0.0
image_386.png,RIGHT,-1.815302591380085,-1.0331832490810655,4.0452192937644,0.0,0.0,5.977078471310666,0.0,0.0,0.0,0.0,0.0,0.0,-35.0,157.5,0.0,0.0,0.0,0.0
image_387.png,RIGHT,-2.0974714286173644,-0.3936849364962931,3.9366633338346464,0.0,0.0,6.102982654288702,0.0,0.0,0.0,0.0,0.0,0.0,-35.0,157.5,0.0,0.0,0.0,0.0
image_388.png,RIGHT,-0.4404801935350958,0.3186462068122074,3.427542570849724,0.0,0.0,6.143012539039159,0.0,0.0,0.0,0.0,0.0,0.0,-35.0,157.5,0.0,0.0,0.0,0.0
image_389.png,RIGHT,0.1685264889587828,1.752315747419807,4.458277820724517,0.0,0.0,6.915411136767716,0.0,0.0,0.0,0.0,0.0,0.0,-35.0,157.5,0.0,0.0,0.0,0.0
image_390.png,RIGHT,-1.9922884716728,1.3999214784154634,4.464343591261152,0.0,0.0,7.037678582641465,0.0,0.0,0.0,0.0,0.0,0.0,-35.0,157.5,0.0,0.0,0.0,0.0
image_391.png,RIGHT,1.1505382704175746,-0.2633286576068053,3.65208221895059,0.0,0.0,7.123583524676121,0.0,0.0,0.0,0.0,0.0,0.0,-35.0,157.5,0.0,0.0,0.0,0.0
image_392.png,RIGHT,0.7222294806575126,0.2712640027389105,4.344327553062739,0.0,0.0,7.139691139337977,0.0,0.0,0.0,0.0,0.0,0.0,-35.0,157.5,0.0,0.0,0.0,0.0
image_393.png,RIGHT,-0.4584836369393865,1.1129185476998589,3.657331989557556,0.0,0.0,7.181630094595036,0.0,0.0,0.0,0.0,0.0,0.0,-35.0,157.5,0.0,0.0,0.0,0.0
image_394.png,RIGHT,-0.0460981967229085,-0.9856999334512484,4.597764573567132,0.0,0.0,7.336417611931392,0.0,0.0,0.0,0.0,0.0,0.0,-35.0,157.5,0.0,0.0,0.0,0.0
image_395.png,RIGHT,-0.1238360691250759,-1.1545312636171186,4.78258801193812,0.0,0.0,7.343210152789023,0.0,0.0,0.0,0.0,0.0,0.0,-35.0,157.5,0.0,0.0,0.0,0.0
image_396.png,RIGHT,-1.2555898146325075,-0.432727657539991,4.006937218758638,0.0,0.0,8.405178251273842,0.0,0.0,0.0,0.0,0.0,0.0,-35.0,157.5,0.0,0.0,0.0,0.0
image_397.png,RIGHT,-0.2430610329468683,1.7648769097379773,4.175496173725463,0.0,0.0,8.843329640903146,0.0,0.0,0.0,0.0,0.0,0.0,-35.0,157.5,0.0,0.0,0.0,0.0
image_398.png,RIGHT,-0.9699697647975548,0.5681255165991257,3.3175364969831955,0.0,0.0,9.430618566930924,0.0,0.0,0.0,0.0,0.0,0.0,-35.0,157.5,0.0,0.0,0.0,0.0
image_399.png,RIGHT,0.0315948275189657,-2.4247489394745663,4.235340048674627,0.0,0.0,9.690984686356996,0.0,0.0,0.0,0.0,0.0,0.0,-35.0,157.5,0.0,0.0,0.0,0.0
image_400.png,RIGHT,1.0981982020446477,0.0987549667612771,4.523125892684864,0.0,0.0,9.851710409945872,0.0,0.0,0.0,0.0,0.0,0.0,-35.0,157.5,0.0,0.0,0.0,0.0
image_401.png,NONE,0.2535823968761749,-1.7480586802092022,3.8134406138549126,0.0,0.0,-9.688842461943796,0.0,0.0,0.0,0.0,0.0,0.0,-52.5,140.0,-10.0,0.0,0.0,0.0
image_402.png,NONE,0.9671800312631385,-0.148518801472757,3.248543960692057,0.0,0.0,-9.421066138411678,0.0,0.0,0.0,0.0,0.0,0.0,-52.5,140.0,-10.0,0.0,0.0,0.0
image_403.png,NONE,0.4593002881958472,-1.76263872667336,4.333726408197563,0.0,0.0,-9.415146119720475,0.0,0.0,0.0,0.0,0.0,0.0,-52.5,140.0,-10.0,0.0,0.0,0.0
image_404.png,NONE,-0.547940813664886,1.918898452835553,3.1837173613165355,0.0,0.0,-9.25803006947529,0.0,0.0,0.0,0.0,0.0,0.0,-52.5,140.0,-10.0,0.0,0.0,0.0
image_405.png,NONE,0.4256422948171886,-1.9808354777274024,4.045250466284877,0.0,0.0,-9.105514398859594,0.0,0.0,0.0,0.0,0.0,0.0,-52.5,140.0,-10.0,0.0,0.0,0.0
image_406.png,NONE,-0.684523910622992,-0.724244265684375,3.457344609491701,0.0,0.0,-8.92398869651387,0.0,0.0,0.0,0.0,0.0,0.0,-52.5,140.0,-10.0,0.0,0.0,0.0
image_407.png,NONE,-1.6842737518425177,-0.4179067591265367,4.80732748120378,0.0,0.0,-8.878801238584934,0.0,0.0,0.0,0.0,0.0,0.0,-52.5,140.0,-10.0,0.0,0.0,0.0
image_408.png,NONE,-0.9562393796460144,-0.0029661870787133,3.466926617137287,0.0,0.0,-8.842562165022485,0.0,0.0,0.0,0.0,0.0,0.0,-52.5,140.0,-10.0,0.0,0.0,0.0
image_409.png,NONE,0.740852910446969,1.3526746131022056,3.4642822234521864,0.0,0.0,-8.830751626857463,0.0,0.0,0.0,0.0,0.0,0.0,-52.5,140.0,-10.0,0.0,0.0,0.0
image_410.png,NONE,-0.3245153806269452,2.3673947721264312,3.5991848207785857,0.0,0.0,-8.73590357566168,0.0,0.0,0.0,0.0,0.0,0.0,-52.5,140.0,-10.0,0.0,0.0,0.0
image_411.png,NONE,0.7070538018695252,1.8380003477786928,3.8973182883438575,0.0,0.0,-8.631983070356775,0.0,0.0,0.0,0.0,0.0,0.0,-52.5,140.0,-10.0,0.0,0.0,0.0
image_412.png,NONE,1.4899164653929953,-1.0632093778736638,3.700075076502943,0.0,0.0,-8.291736009435063,0.0,0.0,0.0,0.0,0.0,0.0,-52.5,140.0,-10.0,0.0,0.0,0.0
image_413.png,NONE,1.2609298879888622,1.7907527223911055,3.7207153284958494,0.0,0.0,-8.044817521589307,0.0,0.0,0.0,0.0,0.0,0.0,-52.5,140.0,-10.0,0.0,0.0,0.0
image_414.png,NONE,-1.8216174036764443,-0.8125610166020539,4.3481590834539015,0.0,0.0,-7.816645517995493,0.0,0.0,0.0,0.0,0.0,0.0,-52.5,140.0,-10.0,0.0,0.0,0.0
image_415.png,NONE,-0.1070603558485986,-1.2923555202504828,3.5036889425570585,0.0,0.0,-7.191496308526126,0.0,0.0,0.0,0.0,0.0,0.0,-52.5,140.0,-10.0,0.0,0.0,0.0
image_416.png,NONE,-1.2686940193950684,0.1140519278890494,3.7727551485596864,0.0,0.0,-7.140204197446776,0.0,0.0,0.0,0.0,0.0,0.0,-52.5,140.0,-10.0,0.0,0.0,0.0
image_417.png,NONE,-1.892309644163474,0.4984627747368374,3.727782487168154,0.0,0.0,-7.105754264364734,0.0,0.0,0.0,0.0,0.0,0.0,-52.5,140.0,-10.0,0.0,0.0,0.0
image_418.png,NONE,-1.731009877924907,1.5155743755135191,3.861736836142199,0.0,0.0,-7.041777085306986,0.0,0.0,0.0,0.0,0.0,0.0,-52.5,140.0,-10.0,0.0,0.0,0.0
image_419.png,NONE,1.585475199216162,1.5063363851827645,4.042767081822108,0.0,0.0,-6.989498606871429,0.0,0.0,0.0,0.0,0.0,0.0,-52.5,140.0,-10.0,0.0,0.0,0.0
image_420.png,NONE,-0.5173461413920318,1.6036661493013324,3.044805627597193,0.0,0.0,-6.708189075931587,0.0,0.0,0.0,0.0,0.0,0.0,-52.5,140.0,-10.0,0.0,0.0,0.0
image_421.png,NONE,-0.8132930275638147,0.0513238615049015,3.402833721900578,0.0,0.0,-6.677228627126224,0.0,0.0,0.0,0.0,0.0,0.0,-52.5,140.0,-10.0,0.0,0.0,0.0
image_422.png,NONE,-0.9684268955515264,-0.4984206999612128,3.659060578517834,0.0,0.0,-6.56703850775563,0.0,0.0,0.0,0.0,0.0,0.0,-52.5,140.0,-10.0,0.0,0.0,0.0
image_423.png,NONE,-1.3370907185611212,1.0679703925379211,3.424737690702579,0.0,0.0,-6.255933823911864,0.0,0.0,0.0,0.0,0.0,0.0,-52.5,140.0,-10.0,0.0,0.0,0.0
image_424.png,NONE,0.8118626285820142,-1.5888678188865633,4.991428382006817,0.0,0.0,-6.163108505040224,0.0,0.0,0.0,0.0,0.0,0.0,-52.5,140.0,-10.0,0.0,0.0,0.0
image_425.png,NONE,1.4464045997667228,-0.2757018492630084,3.7356886773021376,0.0,0.0,-6.023915892289229,0.0,0.0,0.0,0.0,0.0,0.0,-52.5,140.0,-10.0,0.0,0.0,0.0
image_426.png,NONE,1.9001620496288287,-1.1978946757722015,4.812889928446742,0.0,0.0,-5.9102193838417705,0.0,0.0,0.0,0.0,0.0,0.0,-52.5,140.0,-10.0,0.0,0.0,0.0
image_427.png,NONE,0.0052773731322504,-2.0645333526532075,4.775249944585443,0.0,0.0,-5.682687506519597,0.0,0.0,0.0,0.0,0.0,0.0,-52.5,140.0,-10.0,0.0,0.0,0.0
image_428.png,NONE,0.408461533073878,-1.0094353138589185,4.593049775828156,0.0,0.0,-5.660024665085118,0.0,0.0,0.0,0.0,0.0,0.0,-52.5,140.0,-10.0,0.0,0.0,0.0
image_429.png,NONE,-2.325873379013985,0.4644041135045737,4.07659984993578,0.0,0.0,-5.5923212152649455,0.0,0.0,0.0,0.0,0.0,0.0,-52.5,140.0,-10.0,0.0,0.0,0.0
image_430.png,NONE,0.5823754227820874,1.8255017299376788,3.2876940913202857,0.0,0.0,-5.502886403301119,0.0,0.0,0.0,0.0,0.0,0.0,-52.5,140.0,-10.0,0.0,0.0,0.0
image_431.png,NONE,-1.0659045880925386,-0.5005626351983492,4.681745446926661,0.0,0.0,-5.330451141232764,0.0,0.0,0.0,0.0,0.0,0.0,-52.5,140.0,-10.0,0.0,0.0,0.0
image_432.png,NONE,0.416733264477229,-1.9423608059507225,3.773839983154347,0.0,0.0,-5.30231109598745,0.0,0.0,0.0,0.0,0.0,0.0,-52.5,140.0,-10.0,0.0,0.0,0.0
image_433.png,NONE,0.2507908632280126,-1.4336057336892534,4.451802801183301,0.0,0.0,-5.174916950363626,0.0,0.0,0.0,0.0,0.0,0.0,-52.5,140.0,-10.0,0.0,0.0,0.0
image_434.png,NONE,1.7260425948733928,1.5358460398712528,3.551949374771876,0.0,0.0,-4.924546398756526,0.0,0.0,0.0,0.0,0.0,0.0,-52.5,140.0,-10.0,0.0,0.0,0.0
image_435.png,NONE,-2.056720642794097,-0.7301002510376725,3.229804448358876,0.0,0.0,-3.9136818725684903,0.0,0.0,0.0,0.0,0.0,0.0,-52.5,140.0,-10.0,0.0,0.0,0.0
image_436.png,NONE,2.1452358420021937,0.0601936885353432,3.7702753751884335,0.0,0.0,-3.2701238328515263,0.0,0.0,0.0,0.0,0.0,0.0,-52.5,140.0,-10.0,0.0,0.0,0.0
image_437.png,NONE,1.330712350068994,-0.6290112395214049,4.641318040076796,0.0,0.0,-3.194751837487697,0.0,0.0,0.0,0.0,0.0,0.0,-52.5,140.0,-10.0,0.0,0.0,0.0
image_438.png,NONE,-0.6307215657864256,0.5213909695121077,3.0796850247365604,0.0,0.0,-3.1513295437070665,0.0,0.0,0.0,0.0,0.0,0.0,-52.5,140.0,-10.0,0.0,0.0,0.0
image_439.png,NONE,-1.4642839663637752,-0.3016563916308326,4.065398149196027,0.0,0.0,-3.0053347315825807,0.0,0.0,0.0,0.0,0.0,0.0,-52.5,140.0,-10.0,0.0,0.0,0.0
image_440.png,NONE,0.8716955230000824,-2.0181179914697225,3.2555987033657354,0.0,0.0,-2.971572161197969,0.0,0.0,0.0,0.0,0.0,0.0,-52.5,140.0,-10.0,0.0,0.0,0.0
image_441.png,NONE,1.217369786696697,-0.1080964090113283,3.736912124665997,0.0,0.0,-2.9059063604136703,0.0,0.0,0.0,0.0,0.0,0.0,-52.5,140.0,-10.0,0.0,0.0,0.0
image_442.png,NONE,0.8100218726044986,1.9649222074189303,4.604808089427502,0.0,0.0,-2.6257111176528536,0.0,0.0,0.0,0.0,0.0,0.0,-52.5,140.0,-10.0,0.0,0.0,0.0
image_443.png,NONE,0.715264209839196,0.2758473097027663,4.027465406845376,0.0,0.0,-2.4252945333223224,0.0,0.0,0.0,0.0,0.0,0.0,-52.5,140.0,-10.0,0.0,0.0,0.0
image_444.png,NONE,-1.3633868350161904,-1.642308610885247,4.968984077708909,0.0,0.0,-2.418911075521778,0.0,0.0,0.0,0.0,0.0,0.0,-52.5,140.0,-10.0,0.0,0.0,0.0
image_445.png,NONE,-1.4777098044835617,0.3934459612273939,3.0027388186811725,0.0,0.0,-2.233227977771984,0.0,0.0,0.0,0.0,0.0,0.0,-52.5,140.0,-10.0,0.0,0.0,0.0
image_446.png,NONE,1.2549206893177296,1.3016396829151915,3.078980019569526,0.0,0.0,-2.1398156322691486,0.0,0.0,0.0,0.0,0.0,0.0,-52.5,140.0,-10.0,0.0,0.0,0.0
image_447.png,NONE,-1.0736224295249404,0.4998510218097363,3.53418967050046,0.0,0.0,-2.021514849054955,0.0,0.0,0.0,0.0,0.0,0.0,-52.5,140.0,-10.0,0.0,0.0,0.0
image_448.png,NONE,-1.3215394069029485,0.6581426969482735,3.1955985334357484,0.0,0.0,-1.8226393426110723,0.0,0.0,0.0,0.0,0.0,0.0,-52.5,140.0,-10.0,0.0,0.0,0.0
image_449.png,NONE,2.3023803198406285,-0.724155625274397,4.470284640480063,0.0,0.0,-1.47206168433841,0.0,0.0,0.0,0.0,0.0,0.0,-52.5,140.0,-10.0,0.0,0.0,0.0
image_450.png,NONE,1.2273360714621533,0.4934674662079674,3.476244436087698,0.0,0.0,-1.1574062869756077,0.0,0.0,0.0,0.0,0.0,0.0,-52.5,140.0,-10.0,0.0,0.0,0.0
image_451.png,NONE,-1.59746061382602,1.3768108557207204,3.911422639037939,0.0,0.0,-0.5222044228015328,0.0,0.0,0.0,0.0,0.0,0.0,-52.5,140.0,-10.0,0.0,0.0,0.0
image_452.png,NONE,-1.649354531071723,1.1280670549111336,4.192388085866506,0.0,0.0,-0.482478746699444,0.0,0.0,0.0,0.0,0.0,0.0,-52.5,140.0,-10.0,0.0,0.0,0.0
image_453.png,NONE,-1.1041140788918773,-0.1617684227393138,4.852956889863357,0.0,0.0,0.3888101265542953,0.0,0.0,0.0,0.0,0.0,0.0,-52.5,140.0,-10.0,0.0,0.0,0.0
image_454.png,NONE,1.2840360219872091,-0.128623726895823,3.949909288991188,0.0,0.0,0.4842339364765724,0.0,0.0,0.0,0.0,0.0,0.0,-52.5,140.0,-10.0,0.0,0.0,0.0
image_455.png,NONE,0.8552694198863138,-2.1505222475249184,3.2178358699880665,0.0,0.0,0.5354500414722807,0.0,0.0,0.0,0.0,0.0,0.0,-52.5,140.0,-10.0,0.0,0.0,0.0
image_456.png,NONE,1.7267866777167935,0.5699789385534142,4.363647277149778,0.0,0.0,0.7537606606785179,0.0,0.0,0.0,0.0,0.0,0.0,-52.5,140.0,-10.0,0.0,0.0,0.0
image_457.png,NONE,-0.0232836247394547,2.086249758935884,3.952384452110043,0.0,0.0,1.080570709844677,0.0,0.0,0.0,0.0,0.0,0.0,-52.5,140.0,-10.0,0.0,0.0,0.0
image_458.png,NONE,-0.7588796898374831,-0.4569461241990146,3.1866470346313465,0.0,0.0,1.6423068989568996,0.0,0.0,0.0,0.0,0.0,0.0,-52.5,140.0,-10.0,0.0,0.0,0.0
image_459.png,NONE,0.4681733072725377,-1.292092218159481,4.630903620869573,0.0,0.0,2.1944680550253253,0.0,0.0,0.0,0.0,0.0,0.0,-52.5,140.0,-10.0,0.0,0.0,0.0
image_460.png,NONE,-2.0752117092200137,-0.5285959608303398,3.721590845722125,0.0,0.0,2.3756402089369857,0.0,0.0,0.0,0.0,0.0,0.0,-52.5,140.0,-10.0,0.0,0.0,0.0
image_461.png,NONE,0.938668018165382,2.074459292240687,4.688495833732265,0.0,0.0,2.5479404963360324,0.0,0.0,0.0,0.0,0.0,0.0,-52.5,140.0,-10.0,0.0,0.0,0.0
image_462.png,NONE,0.0874107198533904,1.5774522271164335,3.108532789297469,0.0,0.0,2.5742612509154945,0.0,0.0,0.0,0.0,0.0,0.0,-52.5,140.0,-10.0,0.0,0.0,0.0
image_463.png,NONE,0.130248132351973,-2.054580249795767,3.3147948975139485,0.0,0.0,2.755392917301746,0.0,0.0,0.0,0.0,0.0,0.0,-52.5,140.0,-10.0,0.0,0.0,0.0
image_464.png,NONE,-0.6672589400387533,1.9263912260756504,3.3817900622278145,0.0,0.0,2.936430498686928,0.0,0.0,0.0,0.0,0.0,0.0,-52.5,140.0,-10.0,0.0,0.0,0.0
image_465.png,NONE,-0.7481392463516996,1.6390488528327298,3.0011392348335413,0.0,0.0,3.1740480787629384,0.0,0.0,0.0,0.0,0.0,0.0,-52.5,140.0,-10.0,0.0,0.0,0.0
image_466.png,NONE,0.779366163787908,2.081580537598584,4.2150978905946825,0.0,0.0,3.31005587576103,0.0,0.0,0.0,0.0,0.0,0.0,-52.5,140.0,-10.0,0.0,0.0,0.0
image_467.png,NONE,-2.147258580094135,-0.2639185370803481,4.249460583273203,0.0,0.0,3.336096455446553,0.0,0.0,0.0,0.0,0.0,0.0,-52.5,140.0,-10.0,0.0,0.0,0.0
image_468.png,NONE,-0.6097411793343719,-0.5675634682776782,4.582997194627087,0.0,0.0,3.5327699246451765,0.0,0.0,0.0,0.0,0.0,0.0,-52.5,140.0,-10.0,0.0,0.0,0.0
image_469.png,NONE,1.85325926311376,0.2788409794004652,4.749689989434836,0.0,0.0,3.5717561386638312,0.0,0.0,0.0,0.0,0.0,0.0,-52.5,140.0,-10.0,0.0,0.0,0.0
image_470.png,NONE,0.8823507737442453,1.477690365910453,4.182381976816668,0.0,0.0,3.6743515057989695,0.0,0.0,0.0,0.0,0.0,0.0,-52.5,140.0,-10.0,0.0,0.0,0.0
image_471.png,NONE,-0.1289497559499199,-1.8827062594123325,3.766228550331326,0.0,0.0,3.7677151079724336,0.0,0.0,0.0,0.0,0.0,0.0,-52.5,140.0,-10.0,0.0,0.0,0.0
image_472.png,NONE,-0.0158527763807808,-1.1172322413621367,3.3609265836798574,0.0,0.0,4.330535811586545,0.0,0.0,0.0,0.0,0.0,0.0,-52.5,140.0,-10.0,0.0,0.0,0.0
image_473.png,NONE,-2.015673646529797,0.2921156470450021,4.579200279650088,0.0,0.0,4.465696451182783,0.0,0.0,0.0,0.0,0.0,0.0,-52.5,140.0,-10.0,0.0,0.0,0.0
image_474.png,NONE,0.6946722076953593,2.0036604440997423,4.018428999113136,0.0,0.0,4.676799618784212,0.0,0.0,0.0,0.0,0.0,0.0,-52.5,140.0,-10.0,0.0,0.0,0.0
image_475.png,NONE,1.4282829859040571,-1.2489461039830938,4.207102040482079,0.0,0.0,5.337773583324871,0.0,0.0,0.0,0.0,0.0,0.0,-52.5,140.0,-10.0,0.0,0.0,0.0
image_476.png,NONE,0.1189163830609532,0.5713338841845701,3.9029365295733145,0.0,0.0,5.466979994296732,0.0,0.0,0.0,0.0,0.0,0.0,-52.5,140.0,-10.0,0.0,0.0,0.0
image_477.png,NONE,-0.2428125350984717,-0.3008040838681144,4.568149251828943,0.0,0.0,5.470662334837737,0.0,0.0,0.0,0.0,0.0,0.0,-52.5,140.0,-10.0,0.0,0.0,0.0
image_478.png,NONE,0.6294839695822558,-0.9731698625700868,3.949274845423303,0.0,0.0,5.579344835461031,0.0,0.0,0.0,0.0,0.0,0.0,-52.5,140.0,-10.0,0.0,0.0,0.0
image_479.png,NONE,-1.271074094159223,1.0400882571186032,4.5688265148718905,0.0,0.0,5.961831094544385,0.0,0.0,0.0,0.0,0.0,0.0,-52.5,140.0,-10.0,0.0,0.0,0.0
image_480.png,NONE,0.2568274835358233,-0.0288165800400701,3.128489313879824,0.0,0.0,5.998576491602494,0.0,0.0,0.0,0.0,0.0,0.0,-52.5,140.0,-10.0,0.0,0.0,0.0
image_481.png,NONE,0.309886892944925,-1.9147236102355405,4.1244763189848985,0.0,0.0,6.325075027996473,0.0,0.0,0.0,0.0,0.0,0.0,-52.5,140.0,-10.0,0.0,0.0,0.0
image_482.png,NONE,-1.920537881112738,-0.486043588519815,3.0557548308110327,0.0,0.0,6.4268912633670325,0.0,0.0,0.0,0.0,0.0,0.0,-52.5,140.0,-10.0,0.0,0.0,0.0
image_483.png,NONE,-0.850239709864389,-1.0258543751592184,3.076008975962925,0.0,0.0,6.594153820311426,0.0,0.0,0.0,0.0,0.0,0.0,-52.5,140.0,-10.0,0.0,0.0,0.0
image_484.png,NONE,-1.664615832680301,-1.17408971783922,3.19111056126722,0.0,0.0,6.644490028265555,0.0,0.0,0.0,0.0,0.0,0.0,-52.5,140.0,-10.0,0.0,0.0,0.0
image_485.png,NONE,-0.1714720069838985,0.8034968909932412,4.123249406136282,0.0,0.0,6.826918407321728,0.0,0.0,0.0,0.0,0.0,0.0,-52.5,140.0,-10.0,0.0,0.0,0.0
image_486.png,NONE,-0.5714311624390269,-1.9343482885471648,3.257851811735701,0.0,0.0,7.163285377436242,0.0,0.0,0.0,0.0,0.0,0.0,-52.5,140.0,-10.0,0.0,0.0,0.0
image_487.png,NONE,0.5755783173088015,0.3059457892537851,3.1125689967839296,0.0,0.0,7.251786227402139,0.0,0.0,0.0,0.0,0.0,0.0,-52.5,140.0,-10.0,0.0,0.0,0.0
image_488.png,NONE,1.4087712850887568,-2.0383393469841145,4.060406843100807,0.0,0.0,7.3651549470460544,0.0,0.0,0.0,0.0,0.0,0.0,-52.5,140.0,-10.0,0.0,0.0,0.0
image_489.png,NONE,0.2893337986069467,-1.67937064578214,3.5578224210617044,0.0,0.0,7.457704872616041,0.0,0.0,0.0,0.0,0.0,0.0,-52.5,140.0,-10.0,0.0,0.0,0.0
image_490.png,NONE,1.441420259221737,1.5986371338770706,4.690770189398767,0.0,0.0,7.504319340468175,0.0,0.0,0.0,0.0,0.0,0.0,-52.5,140.0,-10.0,0.0,0.0,0.0
image_491.png,NONE,-0.8470466892737621,-2.254673903280889,4.371074098202887,0.0,0.0,7.729874898657144,0.0,0.0,0.0,0.0,0.0,0.0,-52.5,140.0,-10.0,0.0,0.0,0.0
image_492.png,NONE,-0.0465370194136,1.6041213066728133,4.507117505527332,0.0,0.0,7.758415420865631,0.0,0.0,0.0,0.0,0.0,0.0,-52.5,140.0,-10.0,0.0,0.0,0.0
image_493.png,NONE,2.13639583265201,0.3244172181017072,4.363503537003458,0.0,0.0,8.044303080509327,0.0,0.0,0.0,0.0,0.0,0.0,-52.5,140.0,-10.0,0.0,0.0,0.0
image_494.png,NONE,-2.4475292744077533,0.1443083667169071,4.174332429080689,0.0,0.0,8.241384705828494,0.0,0.0,0.0,0.0,0.0,0.0,-52.5,140.0,-10.0,0.0,0.0,0.0
image_495.png,NONE,-0.118560875845617,-1.6177831879844726,3.0844433044478423,0.0,0.0,8.250585088916694,0.0,0.0,0.0,0.0,0.0,0.0,-52.5,140.0,-10.0,0.0,0.0,0.0
image_496.png,NONE,0.7465447382902981,1.3326970659994,4.398255236056197,0.0,0.0,8.368245554361266,0.0,0.0,0.0,0.0,0.0,0.0,-52.5,140.0,-10.0,0.0,0.0,0.0
image_497.png,NONE,-1.6263737202606467,0.9656981812903384,4.721197587266184,0.0,0.0,9.050905110667085,0.0,0.0,0.0,0.0,0.0,0.0,-52.5,140.0,-10.0,0.0,0.0,0.0
image_498.png,NONE,-2.2292521057358887,0.8962680079487321,4.87481514585749,0.0,0.0,9.343802334351064,0.0,0.0,0.0,0.0,0.0,0.0,-52.5,140.0,-10.0,0.0,0.0,0.0
image_499.png,NONE,-1.2192146664028218,-1.144488908965427,3.701134106167793,0.0,0.0,9.40209048777664,0.0,0.0,0.0,0.0,0.0,0.0,-52.5,140.0,-10.0,0.0,0.0,0.0
image_500.png,NONE,0.4952744923827211,0.5372197020444108,4.448461325013176,0.0,0.0,9.829422148714244,0.0,0.0,0.0,0.0,0.0,0.0,-52.5,140.0,-10.0,0.0,0.0,0.0
